Ticker,Bank,AI_Summary,Confidence,Theme_Tags,Citations,Retrieved_Chunk_Count,Structured_Ref_Count,Latest_Call_Report_Date,Latest_Assets,Latest_Deposits,Latest_Net_Income,Model,Device
ALLY,Ally Financial Inc.,"David Guilmette: Yes, Scott. I'm gonna have Jeremy talk through some of the elements of how that drops through. One thing I wanna make sure we focus on as part of your first, you know, question is the opportunities that exist across our partner network. We highlighted that, you know, in the opening remarks. We're feeling really good about the level of activity and the interest that the partners are expressing in being part of our network just given our size and scale and reach for the customers",0.2,,ALLY_transcript_2025_Q3__sec_018__chunk_0000 | ALLY_transcript_2025_Q3__sec_018__chunk_0001 | ALLY_transcript_2025_Q3__sec_001__chunk_0000,6,8,20251231,184648000,155037000,1649000,Qwen/Qwen2.5-1.5B-Instruct,mps
ASB,Associated Banc-Corp,"ASB says that the use of AI in their business and operations contains inherent risks that may expose them to material harm. Any actual or perceived failure to comply with evolving regulatory frameworks around the development and use of AI could adversely affect their business, results of operations, and financial condition. The regulatory framework around the development and use of these emerging technologies is rapidly evolving, and many federal, state, and foreign government bodies and agencies have introduced and/or are currently considering additional laws and regulations. The implementation standards and enforcement practices are likely to remain uncertain for the foreseeable future.",1.0,"regulatory_risk,evolving_regulations,AI_risk,compliance_risk,legal_risk",ASB_10_k_ASB_10-K_2025_Q4__sec_012__chunk_0092 | ASB_10_k_ASB_10-K_2025_Q4__sec_012__chunk_0090 | ASB_10_k_ASB_10-K_2024_Q4__sec_012__chunk_0107 | ASB_10_k_ASB_10-K_2024_Q4__sec_012__chunk_0108 | ASB_10_k_ASB_10-K_2025_Q4__sec_012__chunk_0091 | ASB_10_k_ASB_10-K_2025_Q4__sec_012__chunk_0040,6,0,,,,,Qwen/Qwen2.5-1.5B-Instruct,mps
AXP,American Express Co,"are you assuming around AI investments? And are those kind of fully embedded into guidance for the year? So, those are my two questions. Eric Yuan -- Founder and Chief Executive Officer Yeah. So, I can address the first part of your AI question. So, you look at it from a customer or partner perspective, right? So, almost -- the vendor, almost every vendor right, they try to pitch their AI story. A customer is smart. Our customers want to understand what's the value, the AI added to their busines",0.2,,AXP_transcript_2025_Q1__sec_002__chunk_0018 | AXP_transcript_2025_Q1__sec_002__chunk_0015 | AXP_transcript_2025_Q1__sec_002__chunk_0030,6,8,20251231,211275193,167788454,8009173,Qwen/Qwen2.5-1.5B-Instruct,mps
BAC,Bank Of America Corp,"Steven Alexopoulos:
Hey, good morning, everyone. I wanted to start the conversation first. I love this AI Slide four. I might frame it actually. But to start the conversation there, as we have spoken to the banks, there seems to be a fairly wide range of how banks are thinking about AI. Some are using it really to boost productivity, others are more fully embracing it to leverage digital workers. You seem to be in the second camp if you guys saw at the JPM Investor Day where Mary Anne like put t",0.2,,BAC_transcript_2025_Q2__sec_035__chunk_0000 | BAC_transcript_2024_Q2__sec_002__chunk_0007 | BAC_10_k_BAC_10-K_2024_Q4__sec_008__chunk_0075,6,0,,,,,Qwen/Qwen2.5-1.5B-Instruct,mps
BK,Bank of New York Mellon Corp,"the quarters and years ahead."" Operating Model Transition : 50% of staff are now in the platforms operating model, with full transition on track for completion by next year. Pricing Environment : Overall at the enterprise level, pricing has been flat to slightly positive so far this year, and repricing volume is 'down about eighty percent from where it was three years ago.' SUMMARY The Bank of New York Mellon Corporation ( BK +1.26% ) delivered a record-setting quarter, with total revenue surpas",0.2,,BK_transcript_2025_Q3__sec_000__chunk_0003 | BK_transcript_2025_Q2__sec_000__chunk_0003 | BK_transcript_2025_Q1__sec_044__chunk_0000,6,8,20251231,380997000,332433000,4828000,Qwen/Qwen2.5-1.5B-Instruct,mps
BKU,"BankUnited, Inc.","BankUnited, Inc. (BKU) says that the use of AI is essential for the bank's growth and operational efficiency. The bank is investing in AI to modernize payment systems and improve workflows. The bank is also concerned about the risks associated with AI, such as cybersecurity incidents and the potential for flawed or biased algorithms. The bank is committed to maintaining a strong governance framework to mitigate these risks.",1.0,"AI adoption,Operational efficiency,Cybersecurity,Governance,Regulatory compliance",BKU_10_k_BKU_10-K_2024_Q4__sec_038__chunk_0054 | BKU_transcript_2025_Q4__sec_065__chunk_0000 | BKU_def_14a_BKU_DEF14A_2024_Q4__sec_022__chunk_0000 | BKU_def_14a_BKU_DEF14A_2024_Q4__sec_098__chunk_0003,6,0,,,,,Qwen/Qwen2.5-1.5B-Instruct,mps
BOKF,Bok Financial Corp,"Bok Financial Corp (BOKF) uses artificial intelligence (AI) to automate processes, improve decision-making, and enhance customer experience. The company invests in AI and machine learning to drive innovation and operational efficiency. However, the company acknowledges risks associated with AI, including algorithmic flaws, data bias, and regulatory compliance issues. The company's use of AI is subject to internal governance processes and is evaluated for selective deployment. The company's cybersecurity is regularly monitored, and it has purchased network and privacy liability risk insurance coverage.",1.0,"AI,Machine Learning,Cybersecurity,Governance,Risk Management",BOKF_10_k_BOKF_10-K_2025_Q4__sec_007__chunk_0000 | BOKF_10_k_BOKF_10-K_2024_Q4__sec_007__chunk_0000 | BOKF_transcript_2024_Q2__sec_003__chunk_0017 | BOKF_10_k_BOKF_10-K_2025_Q4__sec_012__chunk_0012,6,0,,,,,Qwen/Qwen2.5-1.5B-Instruct,mps
BPOP,"Popular, Inc.","BPOP is exploring both foundational models and their own AI applications. They are seeing potential in large language models for various areas such as search, ads, and operations. They are also seeing opportunities for AI to contribute more significantly to their business. They have deployed AI in supply chain management, same-day logistics, and other facets of their business. They have seen a significant increase in orders and customers in Eats, and they are proud of their efforts to provide zero delivery costs for restaurant orders. They have a huge opportunity ahead of them and continue to focus on providing the best experience in restaurant delivery and commerce.",1.0,"AI Investments,Use Cases,Customer-Facing AI,Operations Efficiency,Vendor/Partnering,Governance/Risk",BPOP_transcript_2024_Q1__sec_003__chunk_0011 | BPOP_transcript_2024_Q1__sec_003__chunk_0010 | BPOP_10_k_BPOP_10-K_2024_Q4__sec_132__chunk_0003 | BPOP_def_14a_BPOP_DEF14A_2025_Q2__sec_070__chunk_0000 | BPOP_def_14a_BPOP_DEF14A_2025_Q2__sec_087__chunk_0000 | BPOP_def_14a_BPOP_DEF14A_2024_Q2__sec_058__chunk_0003,6,0,,,,,Qwen/Qwen2.5-1.5B-Instruct,mps
C,Citigroup Inc,"Citi has used AI and machine learning tools for many years and has more recently begun to develop new products and services leveraging emerging technologies. The use or development of emerging technologies, such as AI or digital assets, without sufficient controls, governance and risk management may result in increased risks across various risk categories. Citi relies on third parties to support certain of its product and service offerings, which may put Citi at a disadvantage to competitors who may directly offer a broader array of products and services. The Development and Use of AI by Citi and Others Present Risks to Citi’s Businesses.",1.0,"AI use in banking,Risk management in AI,Third-party risks,Strategic risk,Operational risks",C_10_k_C_10-K_2025_Q4__sec_054__chunk_0022 | C_10_k_C_10-K_2025_Q4__sec_054__chunk_0025 | C_10_q_C_10-Q_2025_Q3__sec_098__chunk_0007 | C_def_14a_C_DEF14A_2024_Q2__sec_043__chunk_0000 | C_10_k_C_10-K_2025_Q4__sec_127__chunk_0000 | C_transcript_2025_Q4__sec_058__chunk_0000,6,0,,,,,Qwen/Qwen2.5-1.5B-Instruct,mps
CFG,Citizens Financial Group Inc/Ri,"discipline and margin preservation. The general office portfolio saw its first decline in ACL coverage since concerns began; This is the first quarter where we're really charging off against the reserve and don't feel the need to reprovide for those charge-offs, according to John Woods. INDUSTRY GLOSSARY BSO : ""Balance Sheet Optimization"" — Citizens' program to reduce lower-return assets (e.g., select CRE, noncore loans) and reallocate capital to strategic lending and relationship growth areas.",0.2,,CFG_transcript_2025_Q2__sec_000__chunk_0005 | CFG_transcript_2025_Q3__sec_000__chunk_0005 | CFG_transcript_2025_Q2__sec_000__chunk_0003,6,8,20251231,350183,300436,3932,Qwen/Qwen2.5-1.5B-Instruct,mps
CFR,"Cullen/Frost Bankers, Inc.","Cullen/Frost Bankers, Inc. (CFR) believes that good corporate governance is critical to their long-term success. They have adopted corporate governance policies and procedures to protect and enhance their corporate integrity. CFR has refreshed its board and revised its Insider Trading Policy to provide more robust guidance on trading. They have also established a Responsible AI Council to mitigate the risks of AI and ensure ethical development and use of AI. CFR relies on certain external vendors for products and services, and these vendors are sources of operational, cybersecurity, and information security risks. They face reputational risk due to negative public opinion. CFR is concerned about the risks associated with technological change, including the potential for cyber-attacks and the use of artificial intelligence.",1.0,"corporate governance,AI governance,vendor risk,cybersecurity,reputational risk,technology risk",CFR_def_14a_CFR_DEF14A_2023_Q4__sec_020__chunk_0000 | CFR_10_k_CFR_10-K_2025_Q4__sec_015__chunk_0028 | CFR_10_k_CFR_10-K_2025_Q4__sec_015__chunk_0018 | CFR_10_k_CFR_10-K_2024_Q4__sec_014__chunk_0018 | CFR_10_k_CFR_10-K_2025_Q4__sec_015__chunk_0025 | CFR_10_k_CFR_10-K_2024_Q4__sec_014__chunk_0025,6,0,,,,,Qwen/Qwen2.5-1.5B-Instruct,mps
CMA,Comerica Inc,"artificial intelligence and automation within the industry. The ability to access and use technology is an increasingly important competitive factor in the financial services industry, and having the right technology is a critically important component to customer satisfaction. In addition, the efficient and effective utilization of technology enables financial institutions to reduce costs. Comerica's future success depends, in part, upon its ability to address the needs of its customers by usin",0.2,,CMA_10_k_CMA_10-K_2024_Q4__sec_025__chunk_0001 | CMA_10_k_CMA_10-K_2024_Q4__sec_025__chunk_0000 | CMA_10_k_CMA_10-K_2024_Q4__sec_023__chunk_0001,6,0,,,,,Qwen/Qwen2.5-1.5B-Instruct,mps
COF,Capital One Financial Corp,"Capital One Financial Corporation (COF) faces risks related to its operational, technological, and organizational infrastructure, including the use of AI. The company also mentions risks from cyber-attacks, security incidents, and the potential for increased costs, reductions in revenue, reputational damage, legal exposure, and business disruptions due to these events. Additionally, COF notes risks from the extensive use of models and data, as well as from its evolving use of AI, including the potential for fraudulent activity, compliance with new and existing laws, and the accuracy of the models, AI, and data.",1.0,"risk_management,cybersecurity,fraud,regulatory_compliance,data_protection,AI",COF_10_q_COF_10-Q_2025_Q2__sec_168__chunk_0003 | COF_10_q_COF_10-Q_2025_Q2__sec_068__chunk_0003 | COF_10_q_COF_10-Q_2025_Q2__sec_075__chunk_0014 | COF_10_k_COF_10-K_2025_Q4__sec_024__chunk_0008 | COF_10_k_COF_10-K_2025_Q4__sec_024__chunk_0012,6,0,,,,,Qwen/Qwen2.5-1.5B-Instruct,mps
COLB,"Columbia Banking System, Inc.","Columbia Banking System, Inc. (COLB) says that they are using AI to enhance their embedded banking capabilities, improve operational effectiveness, and attract new business. They are also studying legislative changes and proposals surrounding stablecoin. Columbia is investing in Pacific Premier's existing solutions to reinvest a portion of the 2024 expense initiative reductions into growing their density in Southern California. Columbia is also studying the legal and regulatory environment relating to AI, including the development and use of AI technology by bad actors to commit fraud and misappropriate funds. Columbia is also exposed to risks arising from the use of AI technologies by bad actors to commit fraud and misappropriate funds and to facilitate cyberattacks.",1.0,"AI use in banking,Operational efficiency,Legislative changes,Cybersecurity,Regulatory risks,Incentive compensation,Community development strategy",17266 | 17266 | 17266 | 17266 | 17266 | 17266 | 17266 | 17266,6,8,20251231,66821352,54336279,580872,Qwen/Qwen2.5-1.5B-Instruct,mps
DFS,Discover Financial Services,"DFS says that they are investing in technology such as generative artificial intelligence (AI) to maintain a competitive business, integrate newly-acquired businesses, and establish scalable operations. They also mention that they are facing increasing risk related to information and data security as they increase acceptance of the Discover card internationally, expand their suite of online digital banking products, enhance their mobile payment technologies, acquire new or outsource some of their business operations, expand their internal usage of web-based products and applications, and otherwise attempt to keep pace with rapid technological advancements. They also mention that they are facing substantial and increasingly intense competition in the payments industry, both from traditional and alternative payment providers.",1.0,"AI investments,Competition,Data security,Technology,Risk management",DFS_10_k_DFS_10-K_2023_Q4__sec_010__chunk_0088 | DFS_def_14a_DFS_DEF14A_2024_Q2__sec_032__chunk_0001 | DFS_def_14a_DFS_DEF14A_2024_Q2__sec_033__chunk_0000 | DFS_10_k_DFS_10-K_2024_Q4__sec_010__chunk_0079 | DFS_10_k_DFS_10-K_2024_Q4__sec_010__chunk_0046,6,0,,,,,Qwen/Qwen2.5-1.5B-Instruct,mps
EWBC,East West Bancorp Inc,"from basic to powerful. We have one group focused on running our current AI solutions and implementation of successful use cases that can improve operational effectiveness and employee efficiency, and another group that focuses on fintech partnerships and longer-term emerging opportunities. For example, we are evaluating the legislative changes and proposals surrounding stablecoin. We are studying and monitoring developments, so we are ready to make informed decisions when it's time to act. We c",0.2,,EWBC_transcript_2024_Q2__sec_001__chunk_0003 | EWBC_transcript_2025_Q4__sec_039__chunk_0000 | EWBC_transcript_2024_Q2__sec_001__chunk_0002,6,8,20251231,79661753,67208343,1333712,Qwen/Qwen2.5-1.5B-Instruct,mps
FCNCA,First Citizens Bancshares Inc,"First Citizens Bancshares Inc (FCNCA) says that they are using AI to optimize their balance sheet, reduce lower-return assets, and reallocate capital to strategic lending and relationship growth areas. They also mention the use of generative artificial intelligence (GenAI) and proprietary or next-gen artificial intelligence (AgenTik AI) for operational and client-facing enhancements. The bank is also subject to various regulations related to AI, including the use of AI in the housing and consumer financial markets, and the implementation of data protection laws or regulations.",1.0,"AI use in banking,AI optimization of balance sheet,AI for strategic lending and relationship growth,AI for operational and client-facing enhancements,Regulatory compliance with AI,Data protection laws and regulations",FCNCA_transcript_2025_Q3__sec_000__chunk_0005 | FCNCA_transcript_2025_Q2__sec_000__chunk_0005 | FCNCA_10_k_FCNCA_10-K_2024_Q4__sec_010__chunk_0056 | FCNCA_10_k_FCNCA_10-K_2024_Q4__sec_010__chunk_0055 | FCNCA_10_k_FCNCA_10-K_2023_Q4__sec_008__chunk_0062 | FCNCA_10_k_FCNCA_10-K_2024_Q4__sec_010__chunk_0054,6,0,,,,,Qwen/Qwen2.5-1.5B-Instruct,mps
FHN,First Horizon Corp,"Table of Contents , which in turn includes the risks from cyber fraud, cyber theft, cyber vandalism, cyber ransom, data and system security, and other unauthorized incursions into FHN's IT systems. IT risk management also includes IT system reliability, data integrity, IT aspects of regulatory compliance, and risks associated with the use of artificial intelligence tools and systems. The discussion in this section focuses on cybersecurity. Additional information on this topic is presented in Cyb",0.2,,FHN_10_k_FHN_10-K_2024_Q4__sec_186__chunk_0000 | FHN_def_14a_FHN_DEF14A_2025_Q2__sec_039__chunk_0001 | FHN_transcript_2024_Q2__sec_002__chunk_0003,6,8,20251231,83572753,68096612,1108723,Qwen/Qwen2.5-1.5B-Instruct,mps
FITB,Fifth Third Bancorp,"Fifth Third Bancorp (FITB) says that the use of artificial intelligence (AI) is critical to addressing customer needs and creating efficiencies in operations. The bank invests in AI-driven products and services, particularly in areas like mobile banking and customer relationship management. However, the bank acknowledges the potential risks associated with AI, including unintended consequences, technological limitations, and the need for effective internal controls. The bank also mentions the importance of maintaining a competitive position in technology and cybersecurity, which can be impacted by new technological advancements. The bank has a robust information security program and a third-party risk management program to oversee third-party providers, but it notes that these measures do not eliminate all risks.",1.0,"AI in Banking,Customer Service,Operational Efficiency,Cybersecurity,Risk Management,Technology and Innovation",FITB_10_k_FITB_10-K_2024_Q4__sec_021__chunk_0012 | FITB_10_k_FITB_10-K_2024_Q4__sec_021__chunk_0011 | FITB_10_k_FITB_10-K_2024_Q4__sec_021__chunk_0003 | FITB_10_k_FITB_10-K_2023_Q4__sec_177__chunk_0002 | FITB_10_k_FITB_10-K_2024_Q4__sec_174__chunk_0002 | FITB_transcript_2025_Q2__sec_001__chunk_0003,6,0,,,,,Qwen/Qwen2.5-1.5B-Instruct,mps
FLG,"Flagstar Financial, Inc.","Michael W. Hara: PIK was approximately 10.4% of total revenue and during the 2025, which decreased from where it was in Q3. Approximately 86% of our PIK income in Q4 was attributable to PIK that was part of the original underwriting and not a result of any credit- or performance-related amendment. Nearly 91% of our PIK income in Q4 came from loans that we rated one, two, or three. With respect to the increased focus on software and AI-related investments, we note the following: Over the coming y",0.2,,FLG_transcript_2024_Q4__sec_012__chunk_0000 | FLG_transcript_2024_Q4__sec_072__chunk_0000 | FLG_transcript_2024_Q2__sec_003__chunk_0043,6,8,20251231,199589,153884,4563,Qwen/Qwen2.5-1.5B-Instruct,mps
FNB,Fnb Corp,"•  Record efficiency ratio* of 51.2%.

•  Achieved 1.6% positive operating leverage when 75% of our peers had negative operating leverage.

•  Achieved $7 million in cost savings in 2023, bringing total cumulative 5-year cost savings to $76 million.

•  Continued investment in digital channels, machine learning and AI to scale the organization.

•  Progressing on the buildout of FNB Financial Center in the Hill District in Pittsburgh which will consolidate regional operations and create efficien",0.2,,FNB_def_14a_FNB_DEF14A_2024_Q2__sec_077__chunk_0000 | FNB_transcript_2025_Q2__sec_002__chunk_0003 | FNB_transcript_2025_Q3__sec_000__chunk_0003,6,8,20251231,305598,269661,3849,Qwen/Qwen2.5-1.5B-Instruct,mps
GS,Goldman Sachs Group Inc,"David Solomon: I appreciate the question, Mike, and I appreciate the way you frame it. And I understand why there's a strong desire to get more from us. What I promise you is you're going to get more over time as we're in a position to give you metrics, to give you targets, and to really explain it. Wanna step back at a high level. Just the one thing that I'd say, and I'd frame it slightly differently than you'd frame it, this is not a new era for Goldman Sachs. One GS 3.0 is not gonna transform",0.2,,GS_transcript_2024_Q4__sec_031__chunk_0000 | GS_transcript_2025_Q4__sec_031__chunk_0000 | GS_transcript_2025_Q2__sec_000__chunk_0003,6,8,20251231,644997000,438331000,8737000,Qwen/Qwen2.5-1.5B-Instruct,mps
HBAN,Huntington Bancshares Inc,"Huntington Bancshares Inc (HBAN) acknowledges that the use of AI exposes the bank to inherent risks that may result in material harm. The bank relies on third parties for business infrastructure and may be subject to compliance risks, including regulatory actions and changes in accounting policies. The bank also mentions that AI use is subject to evolving laws and regulations, and there is a possibility of not being able to anticipate how to respond to these rapidly developing laws and regulations.",1.0,"AI Risks,Regulatory Compliance,Data Privacy,Operational Efficiency,Competitive Advantage,Customer Trust",HBAN_10_k_HBAN_10-K_2025_Q4__sec_031__chunk_0027 | HBAN_10_k_HBAN_10-K_2025_Q4__sec_027__chunk_0046 | HBAN_def_14a_HBAN_DEF14A_2024_Q2__sec_169__chunk_0045 | HBAN_10_k_HBAN_10-K_2024_Q4__sec_032__chunk_0023 | HBAN_10_k_HBAN_10-K_2024_Q4__sec_032__chunk_0024,6,0,,,,,Qwen/Qwen2.5-1.5B-Instruct,mps
JPM,Jpmorgan Chase & Co,"banking products. In addition, advocacy by non-banking competitors for exemptions from regulatory requirements could significantly disadvantage traditional financial institutions. The failure of any of JPMorganChase’s businesses to meet the expectations of clients and customers, whether due to general market conditions, under-performance, a decision not to offer a particular product or service, changes in client and customer expectations or other factors, could affect JPMorganChase’s ability to",0.2,,JPM_10_k_JPM_10-K_2025_Q4__sec_030__chunk_0011 | JPM_10_k_JPM_10-K_2025_Q4__sec_030__chunk_0012 | JPM_10_k_JPM_10-K_2025_Q4__sec_030__chunk_0013,6,0,,,,,Qwen/Qwen2.5-1.5B-Instruct,mps
KEY,Keycorp,"KeyCorp (KEY) says that they use AI, including through third parties, in connection with their business and operations. The use of AI exposes the bank to inherent risks that may adversely impact KeyCorp. The legal and regulatory environment relating to AI is uncertain and evolving, and any changes to applicable laws and regulations could require changes to their use of AI technology and could cause an increase in associated costs and expenses. The bank may also be unsuccessful in realizing the intended benefits of AI or otherwise enhancing their business or operations and their competitors may incorporate AI in their businesses.",1.0,"AI use in banking,Legal and regulatory risks,AI governance,Customer-facing AI,Operations efficiency,Vendor/partner mentions,Measurable outcomes",KEY_10_k_KEY_10-K_2025_Q4__sec_016__chunk_0042 | KEY_transcript_2025_Q4__sec_052__chunk_0000 | KEY_transcript_2025_Q1__sec_052__chunk_0000 | KEY_def_14a_KEY_DEF14A_2025_Q2__sec_026__chunk_0004,6,0,,,,,Qwen/Qwen2.5-1.5B-Instruct,mps
MS,Morgan Stanley,"Morgan Stanley (MS) says that the need for capital markets and structuring expertise in the AI ecosystem is clear. They see themselves playing an intermediary role in helping clients manage and allocate capital, including in equity underwriting, project finance, and M&A. MS also mentions that they will lean into the art of making sure they get the right balance in their AI strategies.",1.0,"AI strategy,AI use cases,investment/spend,governance or controls,customer-facing AI,operations efficiency,vendor/partnership mentions,measurable outcomes",MS_transcript_2025_Q4__sec_017__chunk_0002 | MS_transcript_2025_Q3__sec_003__chunk_0005 | MS_transcript_2024_Q3__sec_003__chunk_0021 | MS_transcript_2024_Q3__sec_003__chunk_0005 | MS_transcript_2024_Q4__sec_002__chunk_0002,6,0,,,,,Qwen/Qwen2.5-1.5B-Instruct,mps
MTB,M&T Bank Corp,"(either directly or through bank partnerships), or products that may be viewed as substitutes for traditional banking products, and may in the future be able to provide additional services by obtaining a bank-like charter, such as the OCC’s financial technology company charter. In addition, the emergence, adoption and evolution of new technologies that do not require intermediation, including distributed ledgers such as digital assets and blockchain, as well as advances in robotic process automa",0.2,,MTB_10_k_MTB_10-K_2025_Q4__sec_012__chunk_0050 | MTB_10_k_MTB_10-K_2024_Q4__sec_012__chunk_0070 | MTB_10_k_MTB_10-K_2025_Q4__sec_012__chunk_0070,6,0,,,,,Qwen/Qwen2.5-1.5B-Instruct,mps
NTRS,Northern Trust Corp,"Northern Trust uses a variety of machine learning and artificial intelligence solutions to process transactional activity more efficiently and to mitigate risk. These uses currently include, among others, digitizing documents, detecting anomalous, fraudulent transactions, and training services teams on operational processes. Regulation of AI is rapidly evolving in the U.S. and worldwide as legislators and regulators are increasingly focused on these powerful emerging technologies. The technologies underlying AI and its uses are subject to a variety of laws and regulations, including intellectual property, privacy, data protection, cybersecurity, consumer protection, competition, and equal opportunity laws, and are expected to be subject to increased regulation and new laws or new applications of existing laws and regulations.",1.0,"AI use cases,Regulatory compliance,Risk management,Data privacy and security,Operational efficiency",NTRS_10_k_NTRS_10-K_2024_Q4__sec_039__chunk_0003 | NTRS_transcript_2024_Q2__sec_061__chunk_0001 | NTRS_transcript_2025_Q2__sec_001__chunk_0001,6,0,,,,,Qwen/Qwen2.5-1.5B-Instruct,mps
ONB,Old National Bancorp,"Old National Bancorp (ONB) says that the use and deployment of artificial intelligence solutions may introduce operational and control risks, including the risk of potential errors in automated decision-making, challenges in oversight and accountability, increased vulnerability to system failures or cyber incidents, and the risk that these technologies may not perform as intended under complex or unforeseen circumstances. The evolving legal, regulatory, and compliance framework for artificial intelligence both in the U.S. and internationally may impact our ability to protect our own data and intellectual property against infringing use and could require changes in our implementation of artificial intelligence technology and increase our compliance costs and the risk of non-compliance. Our efforts to evolve our governance, risk management, and control frameworks to manage the novel and amplified risks from our use of artificial intelligence may be insufficient or ineffective, which could expose us to operational disruptions, legal and regulatory sanctions, reputational harm, and adverse financial impacts.",1.0,"AI Risks,Regulatory Compliance,Operational Risks,Governing AI",3832,6,8,20251231,71771976,55594013,745732,Qwen/Qwen2.5-1.5B-Instruct,mps
PB,Prosperity Bancshares Inc,"litigation, regulatory fines, penalties or other sanctions. Furthermore, notwithstanding the proliferation of technology and technology-based risk and control systems, the Company’s business ultimately relies on people as its greatest resource, and the Company is subject to the risk that they make mistakes or engage in violations of applicable policies, laws, rules or procedures that in the past have not, and in the future may not always be prevented by the Company’s technological processes or b",0.2,,PB_10_k_PB_10-K_2024_Q4__sec_013__chunk_0016 | PB_10_k_PB_10-K_2024_Q4__sec_013__chunk_0017 | PB_10_k_PB_10-K_2024_Q4__sec_021__chunk_0004,6,8,20251231,38458815,28768719,556320,Qwen/Qwen2.5-1.5B-Instruct,mps
PNC,"Pnc Financial Services Group, Inc.","PNC Financial Services Group, Inc. (PNC) has a reputation for strategic vision and entrepreneurism in the technology and artificial intelligence industries. The Board believes these skills are particularly valuable to PNC as it continues to invest in new product innovation and growth. PNC has invested in new products such as PNC Claim Predictor, which uses AI and machine learning to help healthcare organizations proactively identify inaccurate insurance claims. PNC has also acquired $16.6 billion in capital commitments facilities from Signature Bridge Bank, N.A., building on PNC's suite of offerings for the private equity industry. PNC has also focused on cybersecurity, with a 95% reduction in reported text-based phishing incidents. PNC has also focused on operational resilience, using new technology from Ookla, LLC to detect outages and service issues in near real-time. PNC has also focused on developing and promoting high-performing employees through effective career movement and development.",1.0,"AI Strategy,Use Cases,Investment/Spend,Governance/Controls,Customer-Facing AI,Operations Efficiency,Vendor/Partnership Mentions,Measurable Outcomes",PNC_def_14a_PNC_DEF14A_2024_Q2__sec_113__chunk_0000 | PNC_def_14a_PNC_DEF14A_2024_Q2__sec_197__chunk_0002 | PNC_def_14a_PNC_DEF14A_2024_Q2__sec_198__chunk_0001 | PNC_def_14a_PNC_DEF14A_2025_Q2__sec_118__chunk_0000 | PNC_10_k_PNC_10-K_2025_Q4__sec_025__chunk_0060 | PNC_10_k_PNC_10-K_2024_Q4__sec_025__chunk_0025,6,0,,,,,Qwen/Qwen2.5-1.5B-Instruct,mps
PNFP,Pinnacle Financial Partners Inc,"Pinnacle Financial Partners Inc (PNFP) says that AI is already contributing to cost efficiencies, particularly in fraud mitigation and automation. The impact is expected to keep overall expense trends favorable rather than deliver step-change reductions. The company is also investing in AI for payment and digital asset solutions, including support for stablecoin initiatives.",1.0,"AI in banking,Cost efficiency,Fraud mitigation,Automation,Payment solutions,Digital asset solutions,Stablecoin initiatives",35583 | 35583 | 35583 | 35583 | 35583 | 35583 | 35583 | 35583,6,8,20251231,57636946,47876135,689186,Qwen/Qwen2.5-1.5B-Instruct,mps
RF,Regions Financial Corp,"Regions Financial Corp (RF) says that the development and use of AI presents risks and challenges that may impact their business. The company is concerned about the potential negative impact on their revenue and ability to effectively compete with traditional and non-traditional financial services companies, including fintechs. The Board includes members with experience in business operations and technology, which allows them to oversee efforts to innovate and keep pace with technological changes.",1.0,"AI Risks,Competitive Advantage,Technology and Innovation,Board Experience",RF_transcript_2025_Q3__sec_061__chunk_0000 | RF_10_q_RF_10-Q_2025_Q1__sec_007__chunk_0004 | RF_10_q_RF_10-Q_2025_Q2__sec_007__chunk_0004 | RF_10_q_RF_10-Q_2025_Q3__sec_007__chunk_0004 | RF_def_14a_RF_DEF14A_2024_Q2__sec_074__chunk_0000 | RF_def_14a_RF_DEF14A_2025_Q2__sec_071__chunk_0000,6,0,,,,,Qwen/Qwen2.5-1.5B-Instruct,mps
RJF,Raymond James Financial Inc,"Raymond James Financial Inc (RJF) is emphasizing the importance of a single platform approach for financial institutions, particularly in the context of digital banking. They highlight the need for a strong technology backbone to support the development and distribution of AI solutions. The bank also mentions the potential for AI to accelerate brownfield replacement opportunities for digital banking, as well as the need for effective governance and risk management processes to mitigate potential risks associated with AI development and deployment.",1.0,"AI Strategy,Digital Banking,Governance,Risk Management,Customer Experience,Product Development,Technology Integration",33893 | 33893 | 33893 | 33893 | 33893 | 33893 | 33893 | 33893,6,8,20251231,43374103,39278356,623424,Qwen/Qwen2.5-1.5B-Instruct,mps
SCHW,Schwab Charles Corp,"their enterprise environment is so powerful, and customers like Bosch were coming forward and Roche to be able to demonstrate the true benefits of Gaudi and Xeon plus Gaudi. The road map is in good shape. The Gaudi 3, Falcon Shores in '25. We're also seeing that the industry wants to open alternatives. And we announced our AI networking initiative, Ultra Ethernet consortium standardizing on scale up and scale out to Ethernet, increasing work for abstract levels of AI development with PyTorch, an",0.2,,SCHW_transcript_2024_Q1__sec_003__chunk_0009 | SCHW_transcript_2024_Q1__sec_003__chunk_0012 | SCHW_transcript_2024_Q1__sec_003__chunk_0026,6,8,20251231,82820,58170,909,Qwen/Qwen2.5-1.5B-Instruct,mps
SF,Stifel Financial Corp,"start-ups. Many of you have seen that we are in there very early. But I'll tell you, this company has pioneered AI, not just in predictive. A lot of you have followed the development and growth of Einstein. But also, you've seen that we published some of the first papers on prompt engineering and the beginnings of generative AI. And we took our deep learning roots, and we really demonstrated the potential for generative AI. And now, to see so many of these companies become so successful. I just",0.2,,SF_transcript_2024_Q2__sec_002__chunk_0011 | SF_transcript_2024_Q4__sec_003__chunk_0019 | SF_transcript_2024_Q4__sec_003__chunk_0005,6,8,20251231,924891,847138,29855,Qwen/Qwen2.5-1.5B-Instruct,mps
SNV,Synovus Financial Corp,"Synovus Financial Corp (SNV) says that they are investing in the bank of the future through automation, artificial intelligence, digital applications, and analytics. They have realized growth and efficiency gains as a result of current and past initiatives, but there is no guarantee that these initiatives will be successful in supporting growth or achieving the expected level of future savings and revenue enhancements. Additionally, any new service and product offerings could compete directly with other Synovus Bank product and service offerings. The development and use of artificial intelligence presents risks and challenges that may adversely impact the business. The legal and regulatory environment relating to AI is uncertain and rapidly evolving, and there may be changes in our implementation of AI technology and increase in our compliance costs and the risk.",1.0,"AI,Risk Management,Strategic Initiatives,Operational Efficiency,Customer Experience,Regulatory Compliance,Cybersecurity,Corporate Governance",SNV_10_k_SNV_10-K_2024_Q4__sec_010__chunk_0004 | SNV_10_k_SNV_10-K_2024_Q4__sec_010__chunk_0021 | SNV_def_14a_SNV_DEF14A_2024_Q4__sec_042__chunk_0000 | SNV_10_k_SNV_10-K_2024_Q4__sec_005__chunk_0000 | SNV_10_k_SNV_10-K_2024_Q4__sec_006__chunk_0004 | SNV_10_q_SNV_10-Q_2025_Q1__sec_058__chunk_0004,6,0,,,,,Qwen/Qwen2.5-1.5B-Instruct,mps
SOFI,"SoFi Technologies, Inc.","SOFI Technologies, Inc. (SOFI) says that they offer additional add-on technology solutions to support their clients and drive engagement, such as a conversational AI engine for customers of banks and financial institutions, and a real-time payment risk platform which employs AI and machine learning technology to enhance payment fraud mitigation strategies for financial customers. They also mention that they continue to leverage investments made to integrate their services and offerings to position the Technology Platform segment for diversified durable growth.",1.0,"AI integration,Technology Platform,Payment fraud mitigation,Engagement solutions,Durable growth",26881 | 26881 | 26881 | 26881 | 26881 | 26881 | 26881 | 26881,6,8,20251231,46568135,39706752,737386,Qwen/Qwen2.5-1.5B-Instruct,mps
SSB,SouthState Bank Corp,"● our ability to continue to integrate and realize the benefits of the merger between SouthState and Independent; ● our ability to grow or to manage our growth effectively; ● our ability to realize the benefits expected from strategic initiatives; ● our ability to adequately anticipate and respond to changes in market interest rates; ● the negative impact of inflation on our business and profitability; ● an increase in the cost of funds as a result of general economic conditions, FDIC insurance",0.2,,SSB_10_k_SSB_10-K_2025_Q4__sec_021__chunk_0000 | SSB_10_q_SSB_10-Q_2025_Q2__sec_143__chunk_0035 | SSB_10_k_SSB_10-K_2025_Q4__sec_024__chunk_0014,6,8,20251231,67179734,55223931,866549,Qwen/Qwen2.5-1.5B-Instruct,mps
STT,State Street Corp,"We operate in a highly competitive environment in all areas of our business globally. Our competitors include a broad range of financial institutions and servicing companies, including other custodial banks, deposit-taking institutions, investment management firms, insurance companies, mutual funds, broker/dealers, investment banks, benefits consultants, investment analytics businesses, business service and software companies, technology companies, data providers and information services firms.",0.2,,STT_10_k_STT_10-K_2024_Q4__sec_015__chunk_0000 | STT_10_k_STT_10-K_2025_Q4__sec_015__chunk_0000 | STT_10_q_STT_10-Q_2025_Q2__sec_009__chunk_0003,6,8,20251231,360681000,280582000,3025000,Qwen/Qwen2.5-1.5B-Instruct,mps
SYF,Synchrony Financial,"on both the consumers and businesses, there's no question this would be very bad for the economy."" SUMMARY Synchrony Financial ( SYF +2.95% ) reported record purchase volume in the quarter, with strengthening in co-brand, digital, and diversified purchase segments. Management disclosed that 97% of top 25 partner interest and fees are contractually renewed through 2028, and described substantial progress in scaling digital wallet initiatives. Outlook for 2026 targets mid-single-digit ending recei",0.2,,SYF_transcript_2025_Q4__sec_000__chunk_0004 | SYF_transcript_2025_Q2__sec_000__chunk_0002 | SYF_transcript_2025_Q4__sec_002__chunk_0005,6,8,20251231,112115000,83376000,3253000,Qwen/Qwen2.5-1.5B-Instruct,mps
TFC,Truist Financial Corp,"adversely affect the Company’s ability to conduct transactions, service the Company’s clients, manage the Company’s exposure to risk, or expand the Company’s business. Truist is heavily reliant on technology, and a failure to effectively anticipate, develop, and implement new technology could negatively impact our financial results, business, operations, or security. The financial services industry is undergoing rapid technological change with frequent introductions of new technology-driven prod",0.2,,TFC_10_k_TFC_10-K_2024_Q4__sec_092__chunk_0031 | TFC_transcript_2024_Q1__sec_003__chunk_0012 | TFC_10_k_TFC_10-K_2023_Q4__sec_093__chunk_0039,6,8,20251231,539519000,409427000,5537000,Qwen/Qwen2.5-1.5B-Instruct,mps
UMBF,Umb Financial Corp,"Umb Financial Corp (UMBF) says that their AI strategy is focused on enhancing their asset servicing business, particularly in AI Alternative Investments. They mention a strong profile and growth within major clients and a strong pipeline. The company also highlights the disruption in the AI space and the growth in the Healthcare sector. They invest in technology to remain technologically competitive and operationally efficient, and they also mention the reliance on technology to deliver products and services.",1.0,"AI Strategy,Asset Servicing,Healthcare,Technology Investments,Customer Growth,Operational Efficiency",UMBF_transcript_2024_Q2__sec_049__chunk_0000 | UMBF_10_k_UMBF_10-K_2024_Q4__sec_038__chunk_0045 | UMBF_10_k_UMBF_10-K_2023_Q4__sec_035__chunk_0026,4,0,,,,,Qwen/Qwen2.5-1.5B-Instruct,mps
USB,Us Bancorp \De\,"Us Bancorp (USB) is investing heavily in digital capabilities and AI, which is expected to improve productivity and expense management. USB is committed to meaningful positive operating leverage, with revenue growth expected to drive this. USB is also focused on implementing a build-to-order process, which may differ from long-term agreements signed in 2021. USB's governance structure includes oversight of technology risk, cybersecurity, and emerging technologies, with a Cybersecurity and Technology Subcommittee overseeing AI and Machine Learning.",1.0,"AI,expense management,build-to-order process,technology risk,cybersecurity,governance","{'structured_ref': 'USB_def_14a_USB_DEF14A_2025_Q2__sec_091__chunk_0002', 'structured_ref_type': 'structured_ref', 'structured_ref_id': 'USB_def_14a_USB_DEF14A_2025_Q2__sec_091__chunk_0002'}",6,0,,,,,Qwen/Qwen2.5-1.5B-Instruct,mps
VLY,Valley National Bancorp,"Valley National Bancorp (VLY) says that the financial services industry is undergoing rapid technological change, with the use of artificial intelligence (AI) becoming increasingly important. The bank acknowledges that AI can provide efficiency and better customer service, but also notes the risks associated with its use, including potential for technology failure, data privacy concerns, and regulatory compliance issues. The bank emphasizes the importance of responsible AI implementation and the need for adequate governance and oversight to mitigate these risks.",1.0,"AI use in banking,Regulatory and legal considerations,Customer service and efficiency,Risk management and governance",VLY_10_k_VLY_10-K_2024_Q4__sec_015__chunk_0044 | VLY_10_k_VLY_10-K_2024_Q4__sec_015__chunk_0045 | VLY_10_k_VLY_10-K_2024_Q4__sec_015__chunk_0088 | VLY_transcript_2024_Q3__sec_059__chunk_0000 | VLY_10_k_VLY_10-K_2024_Q4__sec_015__chunk_0090,6,0,,,,,Qwen/Qwen2.5-1.5B-Instruct,mps
WAL,Western Alliance Bancorporation,"needs right now, and they're able to do that much more accurately. So, I think it'll get better over time as the automation continues to come online, but definitely some notable improvements from the store team this quarter. Operator Our next question is from the line of Corey Tarlowe with Jefferies. Please proceed with your question. Corey Tarlowe -- Jefferies -- Analyst Good morning and thank you for taking my question. I wanted to double-click on technology, and you talk about Walmart being a",0.2,,WAL_transcript_2024_Q4__sec_003__chunk_0022 | WAL_transcript_2024_Q2__sec_002__chunk_0003 | WAL_transcript_2025_Q3__sec_002__chunk_0006,6,8,20251231,92735703,77639392,957307,Qwen/Qwen2.5-1.5B-Instruct,mps
WBS,Webster Financial Corp,"which Michael has laid out. With that focus, we will constantly look at those priorities to see how the market conditions are evolving, and we will pivot as necessary. But the general kind of flow is, yes, we will continue to invest in the growth of our business because we see tremendous opportunity on a going-forward basis. Operator Our next question comes from Paul Golding from Macquarie Capital. Please go ahead. Your line is open. Paul Golding -- Macquarie Group -- Analyst Thanks so much for",0.2,,WBS_transcript_2024_Q2__sec_003__chunk_0028 | WBS_10_k_WBS_10-K_2024_Q4__sec_016__chunk_0015 | WBS_transcript_2024_Q1__sec_002__chunk_0013,6,8,20251231,83985466,68898748,1027166,Qwen/Qwen2.5-1.5B-Instruct,mps
WFC,Wells Fargo & Company/Mn,"Wells Fargo & Company/Mn (WFC) says that they are using AI to drive efficiency and cost savings, as well as to enhance the quality of the customer experience. They have a significant number of AI use cases across various departments, including marketing, credit decisioning, and information provision. The company is focused on GenAI, which creates something based on public data and their own data. They have a risk appetite and are continuing to streamline and right-size the company, including actions to streamline enterprise risk management programs and enhance discipline to advance work on legacy issues and timely deliverables against regulatory commitments. They have also launched AI-powered virtual assistants and personalized digital approaches to align customers' goals with their money.",1.0,"AI use cases,Efficiency and cost savings,Customer experience,Risk management,Streamlining and right-sizing,AI-powered virtual assistants,Personalized digital approaches",WFC_transcript_2025_Q2__sec_026__chunk_0001 | WFC_transcript_2024_Q2__sec_003__chunk_0026 | WFC_transcript_2025_Q2__sec_026__chunk_0002 | WFC_def_14a_WFC_DEF14A_2024_Q2__sec_018__chunk_0006 | WFC_def_14a_WFC_DEF14A_2024_Q4__sec_021__chunk_0005 | WFC_transcript_2025_Q4__sec_016__chunk_0001,6,0,,,,,Qwen/Qwen2.5-1.5B-Instruct,mps
WTFC,Wintrust Financial Corp,"AI and generative AI provide to our customers will also create economic benefits to Workday by positively influencing competitive win rates, renewal rates, and are already industry-leading customer satisfaction. We plan to offer most AI capabilities to our customers who opt-in as part of their current product subscription with generous base usage entitlements. We also expect AI to open up new market opportunities with direct monetization that are wholly based on AI technologies, similar to our t",0.2,,WTFC_transcript_2024_Q2__sec_002__chunk_0011 | WTFC_transcript_2024_Q2__sec_002__chunk_0012 | WTFC_transcript_2024_Q4__sec_002__chunk_0008,6,8,20251231,3454109,2923184,44930,Qwen/Qwen2.5-1.5B-Instruct,mps
ZION,"Zions Bancorporation, National Association","Zions Bancorporation (ZION) highlights that they are using AI to reduce expense, improve efficiency, and enhance customer-facing and operational processes. They have implemented AI in areas such as loan spreading, credit presentations, and credit reviews. The company also uses AI for data analysis and false positives in wire transactions and AML/BSA. They have a strategic investment in technology infrastructure to support digital asset management and programmable payments. The use of AI is described as a continuous improvement process with a focus on reducing costs and increasing revenue.",1.0,"AI use in banking,AI for expense reduction,AI for efficiency improvement,AI for customer-facing processes,AI for operational efficiency,AI for data analysis,AI for regulatory compliance,AI for digital asset management,AI for programmable payments",ZION_transcript_2025_Q4__sec_000__chunk_0003 | ZION_transcript_2025_Q2__sec_000__chunk_0003 | ZION_transcript_2025_Q2__sec_025__chunk_0001 | ZION_10_k_ZION_10-K_2023_Q4__sec_038__chunk_0002 | ZION_transcript_2025_Q2__sec_000__chunk_0005,6,0,,,,,Qwen/Qwen2.5-1.5B-Instruct,mps
