ticker,bank_name,period_year,period_quarter,period_label,score,rating,workstream
ALLY,Ally Financial Inc.,2024,1,2024_Q1,27.291666666666664,2,ai_activity
ALLY,Ally Financial Inc.,2024,2,2024_Q2,23.797256097560975,2,ai_activity
ALLY,Ally Financial Inc.,2024,3,2024_Q3,33.05555555555555,2,ai_activity
ALLY,Ally Financial Inc.,2024,4,2024_Q4,53.8,3,ai_activity
ALLY,Ally Financial Inc.,2025,1,2025_Q1,27.685185185185183,2,ai_activity
ALLY,Ally Financial Inc.,2025,2,2025_Q2,72.79761904761905,4,ai_activity
ALLY,Ally Financial Inc.,2025,3,2025_Q3,74.11764705882354,4,ai_activity
ALLY,Ally Financial Inc.,2025,4,2025_Q4,25.147058823529413,2,ai_activity
ASB,Associated Banc-Corp,2024,1,2024_Q1,0.0,1,ai_activity
ASB,Associated Banc-Corp,2024,2,2024_Q2,23.797256097560975,2,ai_activity
ASB,Associated Banc-Corp,2024,3,2024_Q3,0.0,1,ai_activity
ASB,Associated Banc-Corp,2024,4,2024_Q4,82.0,5,ai_activity
ASB,Associated Banc-Corp,2025,1,2025_Q1,0.0,1,ai_activity
ASB,Associated Banc-Corp,2025,2,2025_Q2,20.714285714285715,2,ai_activity
ASB,Associated Banc-Corp,2025,3,2025_Q3,0.0,1,ai_activity
ASB,Associated Banc-Corp,2025,4,2025_Q4,88.38235294117648,5,ai_activity
AXP,American Express Co,2024,1,2024_Q1,56.25000000000001,3,ai_activity
AXP,American Express Co,2024,2,2024_Q2,53.015243902439025,3,ai_activity
AXP,American Express Co,2024,3,2024_Q3,62.68518518518518,4,ai_activity
AXP,American Express Co,2024,4,2024_Q4,81.6,5,ai_activity
AXP,American Express Co,2025,1,2025_Q1,97.77777777777777,5,ai_activity
AXP,American Express Co,2025,2,2025_Q2,68.33333333333333,4,ai_activity
AXP,American Express Co,2025,3,2025_Q3,56.25,3,ai_activity
AXP,American Express Co,2025,4,2025_Q4,93.52941176470588,5,ai_activity
BAC,Bank Of America Corp,2024,1,2024_Q1,27.291666666666664,2,ai_activity
BAC,Bank Of America Corp,2024,2,2024_Q2,81.07621951219512,5,ai_activity
BAC,Bank Of America Corp,2024,3,2024_Q3,75.92592592592594,4,ai_activity
BAC,Bank Of America Corp,2024,4,2024_Q4,80.0,4,ai_activity
BAC,Bank Of America Corp,2025,1,2025_Q1,85.37037037037038,5,ai_activity
BAC,Bank Of America Corp,2025,2,2025_Q2,82.85714285714286,5,ai_activity
BAC,Bank Of America Corp,2025,3,2025_Q3,80.73529411764704,5,ai_activity
BAC,Bank Of America Corp,2025,4,2025_Q4,46.76470588235294,3,ai_activity
BK,Bank of New York Mellon Corp,2024,1,2024_Q1,52.91666666666667,3,ai_activity
BK,Bank of New York Mellon Corp,2024,2,2024_Q2,66.10060975609755,4,ai_activity
BK,Bank of New York Mellon Corp,2024,3,2024_Q3,87.77777777777777,5,ai_activity
BK,Bank of New York Mellon Corp,2024,4,2024_Q4,62.10000000000001,4,ai_activity
BK,Bank of New York Mellon Corp,2025,1,2025_Q1,68.14814814814815,4,ai_activity
BK,Bank of New York Mellon Corp,2025,2,2025_Q2,70.0,4,ai_activity
BK,Bank of New York Mellon Corp,2025,3,2025_Q3,56.76470588235294,3,ai_activity
BK,Bank of New York Mellon Corp,2025,4,2025_Q4,48.23529411764706,3,ai_activity
BKU,"BankUnited, Inc.",2024,1,2024_Q1,0.0,1,ai_activity
BKU,"BankUnited, Inc.",2024,2,2024_Q2,0.0,1,ai_activity
BKU,"BankUnited, Inc.",2024,3,2024_Q3,0.0,1,ai_activity
BKU,"BankUnited, Inc.",2024,4,2024_Q4,20.35,2,ai_activity
BKU,"BankUnited, Inc.",2025,1,2025_Q1,0.0,1,ai_activity
BKU,"BankUnited, Inc.",2025,2,2025_Q2,0.0,1,ai_activity
BKU,"BankUnited, Inc.",2025,3,2025_Q3,0.0,1,ai_activity
BKU,"BankUnited, Inc.",2025,4,2025_Q4,9.411764705882353,1,ai_activity
BOKF,Bok Financial Corp,2024,1,2024_Q1,43.54166666666667,3,ai_activity
BOKF,Bok Financial Corp,2024,2,2024_Q2,37.519817073170735,2,ai_activity
BOKF,Bok Financial Corp,2024,3,2024_Q3,48.148148148148145,3,ai_activity
BOKF,Bok Financial Corp,2024,4,2024_Q4,44.2,3,ai_activity
BOKF,Bok Financial Corp,2025,1,2025_Q1,0.0,1,ai_activity
BOKF,Bok Financial Corp,2025,2,2025_Q2,0.0,1,ai_activity
BOKF,Bok Financial Corp,2025,3,2025_Q3,17.573529411764707,1,ai_activity
BOKF,Bok Financial Corp,2025,4,2025_Q4,26.61764705882353,2,ai_activity
BPOP,"Popular, Inc.",2024,1,2024_Q1,39.47916666666667,2,ai_activity
BPOP,"Popular, Inc.",2024,2,2024_Q2,43.400914634146346,3,ai_activity
BPOP,"Popular, Inc.",2024,3,2024_Q3,0.0,1,ai_activity
BPOP,"Popular, Inc.",2024,4,2024_Q4,14.4,1,ai_activity
BPOP,"Popular, Inc.",2025,1,2025_Q1,0.0,1,ai_activity
BPOP,"Popular, Inc.",2025,2,2025_Q2,36.01190476190476,2,ai_activity
BPOP,"Popular, Inc.",2025,3,2025_Q3,0.0,1,ai_activity
BPOP,"Popular, Inc.",2025,4,2025_Q4,0.0,1,ai_activity
C,Citigroup Inc,2024,1,2024_Q1,27.291666666666664,2,ai_activity
C,Citigroup Inc,2024,2,2024_Q2,85.97713414634147,5,ai_activity
C,Citigroup Inc,2024,3,2024_Q3,33.05555555555555,2,ai_activity
C,Citigroup Inc,2024,4,2024_Q4,80.25,5,ai_activity
C,Citigroup Inc,2025,1,2025_Q1,59.25925925925926,3,ai_activity
C,Citigroup Inc,2025,2,2025_Q2,85.5952380952381,5,ai_activity
C,Citigroup Inc,2025,3,2025_Q3,76.1029411764706,4,ai_activity
C,Citigroup Inc,2025,4,2025_Q4,90.73529411764706,5,ai_activity
CFG,Citizens Financial Group Inc/Ri,2024,1,2024_Q1,62.916666666666664,4,ai_activity
CFG,Citizens Financial Group Inc/Ri,2024,2,2024_Q2,23.797256097560975,2,ai_activity
CFG,Citizens Financial Group Inc/Ri,2024,3,2024_Q3,70.37037037037037,4,ai_activity
CFG,Citizens Financial Group Inc/Ri,2024,4,2024_Q4,84.25,5,ai_activity
CFG,Citizens Financial Group Inc/Ri,2025,1,2025_Q1,81.85185185185185,5,ai_activity
CFG,Citizens Financial Group Inc/Ri,2025,2,2025_Q2,89.58333333333334,5,ai_activity
CFG,Citizens Financial Group Inc/Ri,2025,3,2025_Q3,51.17647058823529,3,ai_activity
CFG,Citizens Financial Group Inc/Ri,2025,4,2025_Q4,82.20588235294117,5,ai_activity
CFR,"Cullen/Frost Bankers, Inc.",2024,1,2024_Q1,0.0,1,ai_activity
CFR,"Cullen/Frost Bankers, Inc.",2024,2,2024_Q2,0.0,1,ai_activity
CFR,"Cullen/Frost Bankers, Inc.",2024,3,2024_Q3,0.0,1,ai_activity
CFR,"Cullen/Frost Bankers, Inc.",2024,4,2024_Q4,18.6,1,ai_activity
CFR,"Cullen/Frost Bankers, Inc.",2025,1,2025_Q1,0.0,1,ai_activity
CFR,"Cullen/Frost Bankers, Inc.",2025,2,2025_Q2,0.0,1,ai_activity
CFR,"Cullen/Frost Bankers, Inc.",2025,3,2025_Q3,0.0,1,ai_activity
CFR,"Cullen/Frost Bankers, Inc.",2025,4,2025_Q4,41.1764705882353,3,ai_activity
CMA,Comerica Inc,2024,1,2024_Q1,47.60416666666667,3,ai_activity
CMA,Comerica Inc,2024,2,2024_Q2,33.41158536585366,2,ai_activity
CMA,Comerica Inc,2024,3,2024_Q3,43.98148148148148,3,ai_activity
CMA,Comerica Inc,2024,4,2024_Q4,71.10000000000001,4,ai_activity
CMA,Comerica Inc,2025,1,2025_Q1,69.72222222222223,4,ai_activity
CMA,Comerica Inc,2025,2,2025_Q2,0.0,1,ai_activity
CMA,Comerica Inc,2025,3,2025_Q3,68.01470588235294,4,ai_activity
CMA,Comerica Inc,2025,4,2025_Q4,0.0,1,ai_activity
COF,Capital One Financial Corp,2024,1,2024_Q1,27.291666666666664,2,ai_activity
COF,Capital One Financial Corp,2024,2,2024_Q2,78.69817073170732,4,ai_activity
COF,Capital One Financial Corp,2024,3,2024_Q3,33.05555555555555,2,ai_activity
COF,Capital One Financial Corp,2024,4,2024_Q4,78.4,4,ai_activity
COF,Capital One Financial Corp,2025,1,2025_Q1,71.1111111111111,4,ai_activity
COF,Capital One Financial Corp,2025,2,2025_Q2,95.47619047619048,5,ai_activity
COF,Capital One Financial Corp,2025,3,2025_Q3,76.54411764705883,4,ai_activity
COF,Capital One Financial Corp,2025,4,2025_Q4,95.88235294117646,5,ai_activity
COLB,"Columbia Banking System, Inc.",2024,1,2024_Q1,0.0,1,ai_activity
COLB,"Columbia Banking System, Inc.",2024,2,2024_Q2,82.01371951219512,5,ai_activity
COLB,"Columbia Banking System, Inc.",2024,3,2024_Q3,20.0,1,ai_activity
COLB,"Columbia Banking System, Inc.",2024,4,2024_Q4,38.80000000000001,2,ai_activity
COLB,"Columbia Banking System, Inc.",2025,1,2025_Q1,0.0,1,ai_activity
COLB,"Columbia Banking System, Inc.",2025,2,2025_Q2,43.69047619047619,3,ai_activity
COLB,"Columbia Banking System, Inc.",2025,3,2025_Q3,0.0,1,ai_activity
COLB,"Columbia Banking System, Inc.",2025,4,2025_Q4,0.0,1,ai_activity
DFS,Discover Financial Services,2024,1,2024_Q1,0.0,1,ai_activity
DFS,Discover Financial Services,2024,2,2024_Q2,71.08689024390243,4,ai_activity
DFS,Discover Financial Services,2024,3,2024_Q3,0.0,1,ai_activity
DFS,Discover Financial Services,2024,4,2024_Q4,44.65,3,ai_activity
DFS,Discover Financial Services,2025,1,2025_Q1,36.2037037037037,2,ai_activity
DFS,Discover Financial Services,2025,2,2025_Q2,21.428571428571427,2,ai_activity
DFS,Discover Financial Services,2025,3,2025_Q3,0.0,1,ai_activity
DFS,Discover Financial Services,2025,4,2025_Q4,0.0,1,ai_activity
EWBC,East West Bancorp Inc,2024,1,2024_Q1,0.0,1,ai_activity
EWBC,East West Bancorp Inc,2024,2,2024_Q2,69.97865853658537,4,ai_activity
EWBC,East West Bancorp Inc,2024,3,2024_Q3,12.592592592592592,1,ai_activity
EWBC,East West Bancorp Inc,2024,4,2024_Q4,8.0,1,ai_activity
EWBC,East West Bancorp Inc,2025,1,2025_Q1,0.0,1,ai_activity
EWBC,East West Bancorp Inc,2025,2,2025_Q2,19.285714285714285,1,ai_activity
EWBC,East West Bancorp Inc,2025,3,2025_Q3,0.0,1,ai_activity
EWBC,East West Bancorp Inc,2025,4,2025_Q4,9.411764705882353,1,ai_activity
FCNCA,First Citizens Bancshares Inc,2024,1,2024_Q1,0.0,1,ai_activity
FCNCA,First Citizens Bancshares Inc,2024,2,2024_Q2,0.0,1,ai_activity
FCNCA,First Citizens Bancshares Inc,2024,3,2024_Q3,0.0,1,ai_activity
FCNCA,First Citizens Bancshares Inc,2024,4,2024_Q4,43.35,3,ai_activity
FCNCA,First Citizens Bancshares Inc,2025,1,2025_Q1,0.0,1,ai_activity
FCNCA,First Citizens Bancshares Inc,2025,2,2025_Q2,58.39285714285715,3,ai_activity
FCNCA,First Citizens Bancshares Inc,2025,3,2025_Q3,51.17647058823529,3,ai_activity
FCNCA,First Citizens Bancshares Inc,2025,4,2025_Q4,0.0,1,ai_activity
FHN,First Horizon Corp,2024,1,2024_Q1,0.0,1,ai_activity
FHN,First Horizon Corp,2024,2,2024_Q2,57.91615853658537,3,ai_activity
FHN,First Horizon Corp,2024,3,2024_Q3,0.0,1,ai_activity
FHN,First Horizon Corp,2024,4,2024_Q4,26.900000000000006,2,ai_activity
FHN,First Horizon Corp,2025,1,2025_Q1,0.0,1,ai_activity
FHN,First Horizon Corp,2025,2,2025_Q2,28.154761904761905,2,ai_activity
FHN,First Horizon Corp,2025,3,2025_Q3,0.0,1,ai_activity
FHN,First Horizon Corp,2025,4,2025_Q4,0.0,1,ai_activity
FITB,Fifth Third Bancorp,2024,1,2024_Q1,0.0,1,ai_activity
FITB,Fifth Third Bancorp,2024,2,2024_Q2,0.0,1,ai_activity
FITB,Fifth Third Bancorp,2024,3,2024_Q3,20.0,1,ai_activity
FITB,Fifth Third Bancorp,2024,4,2024_Q4,93.50000000000001,5,ai_activity
FITB,Fifth Third Bancorp,2025,1,2025_Q1,20.462962962962962,2,ai_activity
FITB,Fifth Third Bancorp,2025,2,2025_Q2,39.047619047619044,2,ai_activity
FITB,Fifth Third Bancorp,2025,3,2025_Q3,27.205882352941178,2,ai_activity
FITB,Fifth Third Bancorp,2025,4,2025_Q4,36.25,2,ai_activity
FLG,"Flagstar Financial, Inc.",2024,1,2024_Q1,79.58333333333333,4,ai_activity
FLG,"Flagstar Financial, Inc.",2024,2,2024_Q2,92.42073170731707,5,ai_activity
FLG,"Flagstar Financial, Inc.",2024,3,2024_Q3,0.0,1,ai_activity
FLG,"Flagstar Financial, Inc.",2024,4,2024_Q4,25.25,2,ai_activity
FLG,"Flagstar Financial, Inc.",2025,1,2025_Q1,0.0,1,ai_activity
FLG,"Flagstar Financial, Inc.",2025,2,2025_Q2,0.0,1,ai_activity
FLG,"Flagstar Financial, Inc.",2025,3,2025_Q3,39.705882352941174,2,ai_activity
FLG,"Flagstar Financial, Inc.",2025,4,2025_Q4,0.0,1,ai_activity
FNB,Fnb Corp,2024,1,2024_Q1,22.083333333333336,2,ai_activity
FNB,Fnb Corp,2024,2,2024_Q2,58.25914634146342,3,ai_activity
FNB,Fnb Corp,2024,3,2024_Q3,51.11111111111111,3,ai_activity
FNB,Fnb Corp,2024,4,2024_Q4,32.7,2,ai_activity
FNB,Fnb Corp,2025,1,2025_Q1,54.629629629629626,3,ai_activity
FNB,Fnb Corp,2025,2,2025_Q2,75.11904761904762,4,ai_activity
FNB,Fnb Corp,2025,3,2025_Q3,82.20588235294116,5,ai_activity
FNB,Fnb Corp,2025,4,2025_Q4,17.647058823529413,1,ai_activity
GS,Goldman Sachs Group Inc,2024,1,2024_Q1,46.35416666666667,3,ai_activity
GS,Goldman Sachs Group Inc,2024,2,2024_Q2,39.89786585365854,2,ai_activity
GS,Goldman Sachs Group Inc,2024,3,2024_Q3,56.481481481481474,3,ai_activity
GS,Goldman Sachs Group Inc,2024,4,2024_Q4,84.55000000000001,5,ai_activity
GS,Goldman Sachs Group Inc,2025,1,2025_Q1,46.01851851851852,3,ai_activity
GS,Goldman Sachs Group Inc,2025,2,2025_Q2,80.5952380952381,5,ai_activity
GS,Goldman Sachs Group Inc,2025,3,2025_Q3,70.44117647058825,4,ai_activity
GS,Goldman Sachs Group Inc,2025,4,2025_Q4,35.0,2,ai_activity
HBAN,Huntington Bancshares Inc,2024,1,2024_Q1,0.0,1,ai_activity
HBAN,Huntington Bancshares Inc,2024,2,2024_Q2,40.46036585365854,3,ai_activity
HBAN,Huntington Bancshares Inc,2024,3,2024_Q3,0.0,1,ai_activity
HBAN,Huntington Bancshares Inc,2024,4,2024_Q4,36.35,2,ai_activity
HBAN,Huntington Bancshares Inc,2025,1,2025_Q1,10.74074074074074,1,ai_activity
HBAN,Huntington Bancshares Inc,2025,2,2025_Q2,41.13095238095239,3,ai_activity
HBAN,Huntington Bancshares Inc,2025,3,2025_Q3,25.88235294117647,2,ai_activity
HBAN,Huntington Bancshares Inc,2025,4,2025_Q4,59.70588235294118,3,ai_activity
JPM,Jpmorgan Chase & Co,2024,1,2024_Q1,0.0,1,ai_activity
JPM,Jpmorgan Chase & Co,2024,2,2024_Q2,70.14939024390243,4,ai_activity
JPM,Jpmorgan Chase & Co,2024,3,2024_Q3,54.62962962962963,3,ai_activity
JPM,Jpmorgan Chase & Co,2024,4,2024_Q4,49.45,3,ai_activity
JPM,Jpmorgan Chase & Co,2025,1,2025_Q1,73.51851851851852,4,ai_activity
JPM,Jpmorgan Chase & Co,2025,2,2025_Q2,93.57142857142857,5,ai_activity
JPM,Jpmorgan Chase & Co,2025,3,2025_Q3,77.3529411764706,4,ai_activity
JPM,Jpmorgan Chase & Co,2025,4,2025_Q4,70.0,4,ai_activity
KEY,Keycorp,2024,1,2024_Q1,0.0,1,ai_activity
KEY,Keycorp,2024,2,2024_Q2,0.0,1,ai_activity
KEY,Keycorp,2024,3,2024_Q3,0.0,1,ai_activity
KEY,Keycorp,2024,4,2024_Q4,31.85,2,ai_activity
KEY,Keycorp,2025,1,2025_Q1,67.31481481481482,4,ai_activity
KEY,Keycorp,2025,2,2025_Q2,15.357142857142858,1,ai_activity
KEY,Keycorp,2025,3,2025_Q3,0.0,1,ai_activity
KEY,Keycorp,2025,4,2025_Q4,77.5,4,ai_activity
MS,Morgan Stanley,2024,1,2024_Q1,86.25,5,ai_activity
MS,Morgan Stanley,2024,2,2024_Q2,94.38109756097562,5,ai_activity
MS,Morgan Stanley,2024,3,2024_Q3,88.14814814814815,5,ai_activity
MS,Morgan Stanley,2024,4,2024_Q4,94.5,5,ai_activity
MS,Morgan Stanley,2025,1,2025_Q1,84.81481481481481,5,ai_activity
MS,Morgan Stanley,2025,2,2025_Q2,49.583333333333336,3,ai_activity
MS,Morgan Stanley,2025,3,2025_Q3,86.76470588235294,5,ai_activity
MS,Morgan Stanley,2025,4,2025_Q4,79.85294117647058,4,ai_activity
MTB,M&T Bank Corp,2024,1,2024_Q1,0.0,1,ai_activity
MTB,M&T Bank Corp,2024,2,2024_Q2,27.76067073170732,2,ai_activity
MTB,M&T Bank Corp,2024,3,2024_Q3,0.0,1,ai_activity
MTB,M&T Bank Corp,2024,4,2024_Q4,56.65,3,ai_activity
MTB,M&T Bank Corp,2025,1,2025_Q1,0.0,1,ai_activity
MTB,M&T Bank Corp,2025,2,2025_Q2,23.80952380952381,2,ai_activity
MTB,M&T Bank Corp,2025,3,2025_Q3,9.11764705882353,1,ai_activity
MTB,M&T Bank Corp,2025,4,2025_Q4,52.941176470588246,3,ai_activity
NTRS,Northern Trust Corp,2024,1,2024_Q1,72.91666666666666,4,ai_activity
NTRS,Northern Trust Corp,2024,2,2024_Q2,65.19512195121952,4,ai_activity
NTRS,Northern Trust Corp,2024,3,2024_Q3,88.14814814814815,5,ai_activity
NTRS,Northern Trust Corp,2024,4,2024_Q4,86.80000000000001,5,ai_activity
NTRS,Northern Trust Corp,2025,1,2025_Q1,78.88888888888889,4,ai_activity
NTRS,Northern Trust Corp,2025,2,2025_Q2,75.65476190476191,4,ai_activity
NTRS,Northern Trust Corp,2025,3,2025_Q3,52.941176470588246,3,ai_activity
NTRS,Northern Trust Corp,2025,4,2025_Q4,0.0,1,ai_activity
ONB,Old National Bancorp,2024,1,2024_Q1,0.0,1,ai_activity
ONB,Old National Bancorp,2024,2,2024_Q2,0.0,1,ai_activity
ONB,Old National Bancorp,2024,3,2024_Q3,20.0,1,ai_activity
ONB,Old National Bancorp,2024,4,2024_Q4,10.4,1,ai_activity
ONB,Old National Bancorp,2025,1,2025_Q1,0.0,1,ai_activity
ONB,Old National Bancorp,2025,2,2025_Q2,7.55952380952381,1,ai_activity
ONB,Old National Bancorp,2025,3,2025_Q3,36.1764705882353,2,ai_activity
ONB,Old National Bancorp,2025,4,2025_Q4,65.73529411764706,4,ai_activity
PB,Prosperity Bancshares Inc,2024,1,2024_Q1,0.0,1,ai_activity
PB,Prosperity Bancshares Inc,2024,2,2024_Q2,0.0,1,ai_activity
PB,Prosperity Bancshares Inc,2024,3,2024_Q3,0.0,1,ai_activity
PB,Prosperity Bancshares Inc,2024,4,2024_Q4,38.55,2,ai_activity
PB,Prosperity Bancshares Inc,2025,1,2025_Q1,20.462962962962962,2,ai_activity
PB,Prosperity Bancshares Inc,2025,2,2025_Q2,16.071428571428573,1,ai_activity
PB,Prosperity Bancshares Inc,2025,3,2025_Q3,27.205882352941178,2,ai_activity
PB,Prosperity Bancshares Inc,2025,4,2025_Q4,0.0,1,ai_activity
PNC,"Pnc Financial Services Group, Inc.",2024,1,2024_Q1,76.25000000000001,4,ai_activity
PNC,"Pnc Financial Services Group, Inc.",2024,2,2024_Q2,48.71951219512196,3,ai_activity
PNC,"Pnc Financial Services Group, Inc.",2024,3,2024_Q3,80.74074074074073,5,ai_activity
PNC,"Pnc Financial Services Group, Inc.",2024,4,2024_Q4,46.4,3,ai_activity
PNC,"Pnc Financial Services Group, Inc.",2025,1,2025_Q1,64.07407407407408,4,ai_activity
PNC,"Pnc Financial Services Group, Inc.",2025,2,2025_Q2,60.00000000000001,4,ai_activity
PNC,"Pnc Financial Services Group, Inc.",2025,3,2025_Q3,85.00000000000001,5,ai_activity
PNC,"Pnc Financial Services Group, Inc.",2025,4,2025_Q4,74.70588235294117,4,ai_activity
PNFP,Pinnacle Financial Partners Inc,2024,1,2024_Q1,0.0,1,ai_activity
PNFP,Pinnacle Financial Partners Inc,2024,2,2024_Q2,0.0,1,ai_activity
PNFP,Pinnacle Financial Partners Inc,2024,3,2024_Q3,0.0,1,ai_activity
PNFP,Pinnacle Financial Partners Inc,2024,4,2024_Q4,40.550000000000004,3,ai_activity
PNFP,Pinnacle Financial Partners Inc,2025,1,2025_Q1,0.0,1,ai_activity
PNFP,Pinnacle Financial Partners Inc,2025,2,2025_Q2,33.392857142857146,2,ai_activity
PNFP,Pinnacle Financial Partners Inc,2025,3,2025_Q3,0.0,1,ai_activity
PNFP,Pinnacle Financial Partners Inc,2025,4,2025_Q4,0.0,1,ai_activity
RF,Regions Financial Corp,2024,1,2024_Q1,0.0,1,ai_activity
RF,Regions Financial Corp,2024,2,2024_Q2,49.742378048780495,3,ai_activity
RF,Regions Financial Corp,2024,3,2024_Q3,0.0,1,ai_activity
RF,Regions Financial Corp,2024,4,2024_Q4,39.85,2,ai_activity
RF,Regions Financial Corp,2025,1,2025_Q1,62.77777777777778,4,ai_activity
RF,Regions Financial Corp,2025,2,2025_Q2,83.33333333333333,5,ai_activity
RF,Regions Financial Corp,2025,3,2025_Q3,89.70588235294117,5,ai_activity
RF,Regions Financial Corp,2025,4,2025_Q4,0.0,1,ai_activity
RJF,Raymond James Financial Inc,2024,1,2024_Q1,0.0,1,ai_activity
RJF,Raymond James Financial Inc,2024,2,2024_Q2,9.46951219512195,1,ai_activity
RJF,Raymond James Financial Inc,2024,3,2024_Q3,0.0,1,ai_activity
RJF,Raymond James Financial Inc,2024,4,2024_Q4,41.6,3,ai_activity
RJF,Raymond James Financial Inc,2025,1,2025_Q1,0.0,1,ai_activity
RJF,Raymond James Financial Inc,2025,2,2025_Q2,78.03571428571429,4,ai_activity
RJF,Raymond James Financial Inc,2025,3,2025_Q3,0.0,1,ai_activity
RJF,Raymond James Financial Inc,2025,4,2025_Q4,38.16176470588235,2,ai_activity
SCHW,Schwab Charles Corp,2024,1,2024_Q1,82.91666666666666,5,ai_activity
SCHW,Schwab Charles Corp,2024,2,2024_Q2,0.0,1,ai_activity
SCHW,Schwab Charles Corp,2024,3,2024_Q3,0.0,1,ai_activity
SCHW,Schwab Charles Corp,2024,4,2024_Q4,12.8,1,ai_activity
SCHW,Schwab Charles Corp,2025,1,2025_Q1,0.0,1,ai_activity
SCHW,Schwab Charles Corp,2025,2,2025_Q2,0.0,1,ai_activity
SCHW,Schwab Charles Corp,2025,3,2025_Q3,0.0,1,ai_activity
SCHW,Schwab Charles Corp,2025,4,2025_Q4,0.0,1,ai_activity
SF,Stifel Financial Corp,2024,1,2024_Q1,89.58333333333333,5,ai_activity
SF,Stifel Financial Corp,2024,2,2024_Q2,96.34146341463415,5,ai_activity
SF,Stifel Financial Corp,2024,3,2024_Q3,83.70370370370371,5,ai_activity
SF,Stifel Financial Corp,2024,4,2024_Q4,96.4,5,ai_activity
SF,Stifel Financial Corp,2025,1,2025_Q1,0.0,1,ai_activity
SF,Stifel Financial Corp,2025,2,2025_Q2,14.642857142857144,1,ai_activity
SF,Stifel Financial Corp,2025,3,2025_Q3,82.05882352941175,5,ai_activity
SF,Stifel Financial Corp,2025,4,2025_Q4,14.117647058823529,1,ai_activity
SNV,Synovus Financial Corp,2024,1,2024_Q1,0.0,1,ai_activity
SNV,Synovus Financial Corp,2024,2,2024_Q2,29.44817073170732,2,ai_activity
SNV,Synovus Financial Corp,2024,3,2024_Q3,0.0,1,ai_activity
SNV,Synovus Financial Corp,2024,4,2024_Q4,52.05,3,ai_activity
SNV,Synovus Financial Corp,2025,1,2025_Q1,27.685185185185183,2,ai_activity
SNV,Synovus Financial Corp,2025,2,2025_Q2,61.9047619047619,4,ai_activity
SNV,Synovus Financial Corp,2025,3,2025_Q3,36.1764705882353,2,ai_activity
SNV,Synovus Financial Corp,2025,4,2025_Q4,0.0,1,ai_activity
SOFI,"SoFi Technologies, Inc.",2024,1,2024_Q1,76.25,4,ai_activity
SOFI,"SoFi Technologies, Inc.",2024,2,2024_Q2,88.5,5,ai_activity
SOFI,"SoFi Technologies, Inc.",2024,3,2024_Q3,74.81481481481481,4,ai_activity
SOFI,"SoFi Technologies, Inc.",2024,4,2024_Q4,59.199999999999996,3,ai_activity
SOFI,"SoFi Technologies, Inc.",2025,1,2025_Q1,32.407407407407405,2,ai_activity
SOFI,"SoFi Technologies, Inc.",2025,2,2025_Q2,91.66666666666666,5,ai_activity
SOFI,"SoFi Technologies, Inc.",2025,3,2025_Q3,94.41176470588236,5,ai_activity
SOFI,"SoFi Technologies, Inc.",2025,4,2025_Q4,87.35294117647058,5,ai_activity
SSB,SouthState Bank Corp,2024,1,2024_Q1,0.0,1,ai_activity
SSB,SouthState Bank Corp,2024,2,2024_Q2,17.728658536585364,1,ai_activity
SSB,SouthState Bank Corp,2024,3,2024_Q3,0.0,1,ai_activity
SSB,SouthState Bank Corp,2024,4,2024_Q4,68.5,4,ai_activity
SSB,SouthState Bank Corp,2025,1,2025_Q1,27.685185185185183,2,ai_activity
SSB,SouthState Bank Corp,2025,2,2025_Q2,37.261904761904766,2,ai_activity
SSB,SouthState Bank Corp,2025,3,2025_Q3,31.98529411764706,2,ai_activity
SSB,SouthState Bank Corp,2025,4,2025_Q4,82.79411764705883,5,ai_activity
STT,State Street Corp,2024,1,2024_Q1,12.916666666666668,1,ai_activity
STT,State Street Corp,2024,2,2024_Q2,43.41158536585366,3,ai_activity
STT,State Street Corp,2024,3,2024_Q3,39.537037037037045,2,ai_activity
STT,State Street Corp,2024,4,2024_Q4,66.05000000000001,4,ai_activity
STT,State Street Corp,2025,1,2025_Q1,13.703703703703702,1,ai_activity
STT,State Street Corp,2025,2,2025_Q2,56.964285714285715,3,ai_activity
STT,State Street Corp,2025,3,2025_Q3,52.05882352941176,3,ai_activity
STT,State Street Corp,2025,4,2025_Q4,57.20588235294118,3,ai_activity
SYF,Synchrony Financial,2024,1,2024_Q1,0.0,1,ai_activity
SYF,Synchrony Financial,2024,2,2024_Q2,17.728658536585364,1,ai_activity
SYF,Synchrony Financial,2024,3,2024_Q3,0.0,1,ai_activity
SYF,Synchrony Financial,2024,4,2024_Q4,24.35,2,ai_activity
SYF,Synchrony Financial,2025,1,2025_Q1,0.0,1,ai_activity
SYF,Synchrony Financial,2025,2,2025_Q2,68.03571428571429,4,ai_activity
SYF,Synchrony Financial,2025,3,2025_Q3,0.0,1,ai_activity
SYF,Synchrony Financial,2025,4,2025_Q4,72.3529411764706,4,ai_activity
TFC,Truist Financial Corp,2024,1,2024_Q1,69.58333333333334,4,ai_activity
TFC,Truist Financial Corp,2024,2,2024_Q2,13.432926829268293,1,ai_activity
TFC,Truist Financial Corp,2024,3,2024_Q3,60.27777777777778,4,ai_activity
TFC,Truist Financial Corp,2024,4,2024_Q4,77.64999999999999,4,ai_activity
TFC,Truist Financial Corp,2025,1,2025_Q1,0.0,1,ai_activity
TFC,Truist Financial Corp,2025,2,2025_Q2,9.880952380952381,1,ai_activity
TFC,Truist Financial Corp,2025,3,2025_Q3,16.25,1,ai_activity
TFC,Truist Financial Corp,2025,4,2025_Q4,30.808823529411764,2,ai_activity
UMBF,Umb Financial Corp,2024,1,2024_Q1,0.0,1,ai_activity
UMBF,Umb Financial Corp,2024,2,2024_Q2,11.847560975609756,1,ai_activity
UMBF,Umb Financial Corp,2024,3,2024_Q3,0.0,1,ai_activity
UMBF,Umb Financial Corp,2024,4,2024_Q4,10.4,1,ai_activity
UMBF,Umb Financial Corp,2025,1,2025_Q1,0.0,1,ai_activity
UMBF,Umb Financial Corp,2025,2,2025_Q2,0.0,1,ai_activity
UMBF,Umb Financial Corp,2025,3,2025_Q3,0.0,1,ai_activity
UMBF,Umb Financial Corp,2025,4,2025_Q4,0.0,1,ai_activity
USB,Us Bancorp \De\,2024,1,2024_Q1,0.0,1,ai_activity
USB,Us Bancorp \De\,2024,2,2024_Q2,17.728658536585364,1,ai_activity
USB,Us Bancorp \De\,2024,3,2024_Q3,0.0,1,ai_activity
USB,Us Bancorp \De\,2024,4,2024_Q4,16.900000000000002,1,ai_activity
USB,Us Bancorp \De\,2025,1,2025_Q1,43.611111111111114,3,ai_activity
USB,Us Bancorp \De\,2025,2,2025_Q2,54.285714285714285,3,ai_activity
USB,Us Bancorp \De\,2025,3,2025_Q3,0.0,1,ai_activity
USB,Us Bancorp \De\,2025,4,2025_Q4,40.36764705882353,3,ai_activity
VLY,Valley National Bancorp,2024,1,2024_Q1,16.25,1,ai_activity
VLY,Valley National Bancorp,2024,2,2024_Q2,8.71951219512195,1,ai_activity
VLY,Valley National Bancorp,2024,3,2024_Q3,20.0,1,ai_activity
VLY,Valley National Bancorp,2024,4,2024_Q4,65.0,4,ai_activity
VLY,Valley National Bancorp,2025,1,2025_Q1,0.0,1,ai_activity
VLY,Valley National Bancorp,2025,2,2025_Q2,28.154761904761905,2,ai_activity
VLY,Valley National Bancorp,2025,3,2025_Q3,21.10294117647059,2,ai_activity
VLY,Valley National Bancorp,2025,4,2025_Q4,20.000000000000004,2,ai_activity
WAL,Western Alliance Bancorporation,2024,1,2024_Q1,0.0,1,ai_activity
WAL,Western Alliance Bancorporation,2024,2,2024_Q2,45.92378048780488,3,ai_activity
WAL,Western Alliance Bancorporation,2024,3,2024_Q3,0.0,1,ai_activity
WAL,Western Alliance Bancorporation,2024,4,2024_Q4,59.5,3,ai_activity
WAL,Western Alliance Bancorporation,2025,1,2025_Q1,0.0,1,ai_activity
WAL,Western Alliance Bancorporation,2025,2,2025_Q2,10.773809523809524,1,ai_activity
WAL,Western Alliance Bancorporation,2025,3,2025_Q3,44.41176470588235,3,ai_activity
WAL,Western Alliance Bancorporation,2025,4,2025_Q4,43.52941176470588,3,ai_activity
WBS,Webster Financial Corp,2024,1,2024_Q1,69.58333333333333,4,ai_activity
WBS,Webster Financial Corp,2024,2,2024_Q2,84.95426829268293,5,ai_activity
WBS,Webster Financial Corp,2024,3,2024_Q3,28.240740740740744,2,ai_activity
WBS,Webster Financial Corp,2024,4,2024_Q4,72.4,4,ai_activity
WBS,Webster Financial Corp,2025,1,2025_Q1,40.37037037037037,3,ai_activity
WBS,Webster Financial Corp,2025,2,2025_Q2,51.666666666666664,3,ai_activity
WBS,Webster Financial Corp,2025,3,2025_Q3,27.205882352941178,2,ai_activity
WBS,Webster Financial Corp,2025,4,2025_Q4,0.0,1,ai_activity
WFC,Wells Fargo & Company/Mn,2024,1,2024_Q1,0.0,1,ai_activity
WFC,Wells Fargo & Company/Mn,2024,2,2024_Q2,75.57012195121952,4,ai_activity
WFC,Wells Fargo & Company/Mn,2024,3,2024_Q3,0.0,1,ai_activity
WFC,Wells Fargo & Company/Mn,2024,4,2024_Q4,35.050000000000004,2,ai_activity
WFC,Wells Fargo & Company/Mn,2025,1,2025_Q1,0.0,1,ai_activity
WFC,Wells Fargo & Company/Mn,2025,2,2025_Q2,43.92857142857142,3,ai_activity
WFC,Wells Fargo & Company/Mn,2025,3,2025_Q3,13.088235294117649,1,ai_activity
WFC,Wells Fargo & Company/Mn,2025,4,2025_Q4,14.117647058823529,1,ai_activity
WTFC,Wintrust Financial Corp,2024,1,2024_Q1,0.0,1,ai_activity
WTFC,Wintrust Financial Corp,2024,2,2024_Q2,80.46036585365854,5,ai_activity
WTFC,Wintrust Financial Corp,2024,3,2024_Q3,70.37037037037037,4,ai_activity
WTFC,Wintrust Financial Corp,2024,4,2024_Q4,74.3,4,ai_activity
WTFC,Wintrust Financial Corp,2025,1,2025_Q1,0.0,1,ai_activity
WTFC,Wintrust Financial Corp,2025,2,2025_Q2,0.0,1,ai_activity
WTFC,Wintrust Financial Corp,2025,3,2025_Q3,0.0,1,ai_activity
WTFC,Wintrust Financial Corp,2025,4,2025_Q4,0.0,1,ai_activity
ZION,"Zions Bancorporation, National Association",2024,1,2024_Q1,37.60416666666667,2,ai_activity
ZION,"Zions Bancorporation, National Association",2024,2,2024_Q2,32.66158536585366,2,ai_activity
ZION,"Zions Bancorporation, National Association",2024,3,2024_Q3,43.14814814814815,3,ai_activity
ZION,"Zions Bancorporation, National Association",2024,4,2024_Q4,17.75,1,ai_activity
ZION,"Zions Bancorporation, National Association",2025,1,2025_Q1,33.7037037037037,2,ai_activity
ZION,"Zions Bancorporation, National Association",2025,2,2025_Q2,56.25,3,ai_activity
ZION,"Zions Bancorporation, National Association",2025,3,2025_Q3,13.088235294117649,1,ai_activity
ZION,"Zions Bancorporation, National Association",2025,4,2025_Q4,22.352941176470587,2,ai_activity
ALLY,Ally Financial Inc.,2024,1,2024_Q1,37.84090909090909,2,private_credit
ALLY,Ally Financial Inc.,2024,2,2024_Q2,28.854166666666664,2,private_credit
ALLY,Ally Financial Inc.,2024,3,2024_Q3,30.700000000000003,2,private_credit
ALLY,Ally Financial Inc.,2024,4,2024_Q4,27.279411764705884,2,private_credit
ALLY,Ally Financial Inc.,2025,1,2025_Q1,39.5,2,private_credit
ALLY,Ally Financial Inc.,2025,2,2025_Q2,62.23214285714286,4,private_credit
ALLY,Ally Financial Inc.,2025,3,2025_Q3,63.660714285714285,4,private_credit
ALLY,Ally Financial Inc.,2025,4,2025_Q4,0.0,1,private_credit
ASB,Associated Banc-Corp,2024,1,2024_Q1,0.0,1,private_credit
ASB,Associated Banc-Corp,2024,2,2024_Q2,0.0,1,private_credit
ASB,Associated Banc-Corp,2024,3,2024_Q3,0.0,1,private_credit
ASB,Associated Banc-Corp,2024,4,2024_Q4,19.19117647058824,1,private_credit
ASB,Associated Banc-Corp,2025,1,2025_Q1,27.125,2,private_credit
ASB,Associated Banc-Corp,2025,2,2025_Q2,18.571428571428573,1,private_credit
ASB,Associated Banc-Corp,2025,3,2025_Q3,15.982142857142858,1,private_credit
ASB,Associated Banc-Corp,2025,4,2025_Q4,21.730769230769234,2,private_credit
AXP,American Express Co,2024,1,2024_Q1,0.0,1,private_credit
AXP,American Express Co,2024,2,2024_Q2,0.0,1,private_credit
AXP,American Express Co,2024,3,2024_Q3,0.0,1,private_credit
AXP,American Express Co,2024,4,2024_Q4,0.0,1,private_credit
AXP,American Express Co,2025,1,2025_Q1,0.0,1,private_credit
AXP,American Express Co,2025,2,2025_Q2,0.0,1,private_credit
AXP,American Express Co,2025,3,2025_Q3,0.0,1,private_credit
AXP,American Express Co,2025,4,2025_Q4,0.0,1,private_credit
BAC,Bank Of America Corp,2024,1,2024_Q1,0.0,1,private_credit
BAC,Bank Of America Corp,2024,2,2024_Q2,0.0,1,private_credit
BAC,Bank Of America Corp,2024,3,2024_Q3,0.0,1,private_credit
BAC,Bank Of America Corp,2024,4,2024_Q4,36.98529411764706,2,private_credit
BAC,Bank Of America Corp,2025,1,2025_Q1,0.0,1,private_credit
BAC,Bank Of America Corp,2025,2,2025_Q2,26.428571428571427,2,private_credit
BAC,Bank Of America Corp,2025,3,2025_Q3,0.0,1,private_credit
BAC,Bank Of America Corp,2025,4,2025_Q4,0.0,1,private_credit
BK,Bank of New York Mellon Corp,2024,1,2024_Q1,0.0,1,private_credit
BK,Bank of New York Mellon Corp,2024,2,2024_Q2,0.0,1,private_credit
BK,Bank of New York Mellon Corp,2024,3,2024_Q3,0.0,1,private_credit
BK,Bank of New York Mellon Corp,2024,4,2024_Q4,0.0,1,private_credit
BK,Bank of New York Mellon Corp,2025,1,2025_Q1,0.0,1,private_credit
BK,Bank of New York Mellon Corp,2025,2,2025_Q2,0.0,1,private_credit
BK,Bank of New York Mellon Corp,2025,3,2025_Q3,0.0,1,private_credit
BK,Bank of New York Mellon Corp,2025,4,2025_Q4,0.0,1,private_credit
BKU,"BankUnited, Inc.",2024,1,2024_Q1,0.0,1,private_credit
BKU,"BankUnited, Inc.",2024,2,2024_Q2,46.041666666666664,3,private_credit
BKU,"BankUnited, Inc.",2024,3,2024_Q3,46.1,3,private_credit
BKU,"BankUnited, Inc.",2024,4,2024_Q4,90.58823529411765,5,private_credit
BKU,"BankUnited, Inc.",2025,1,2025_Q1,0.0,1,private_credit
BKU,"BankUnited, Inc.",2025,2,2025_Q2,0.0,1,private_credit
BKU,"BankUnited, Inc.",2025,3,2025_Q3,55.80357142857142,3,private_credit
BKU,"BankUnited, Inc.",2025,4,2025_Q4,78.26923076923077,4,private_credit
BOKF,Bok Financial Corp,2024,1,2024_Q1,0.0,1,private_credit
BOKF,Bok Financial Corp,2024,2,2024_Q2,0.0,1,private_credit
BOKF,Bok Financial Corp,2024,3,2024_Q3,0.0,1,private_credit
BOKF,Bok Financial Corp,2024,4,2024_Q4,0.0,1,private_credit
BOKF,Bok Financial Corp,2025,1,2025_Q1,0.0,1,private_credit
BOKF,Bok Financial Corp,2025,2,2025_Q2,26.428571428571427,2,private_credit
BOKF,Bok Financial Corp,2025,3,2025_Q3,19.910714285714285,1,private_credit
BOKF,Bok Financial Corp,2025,4,2025_Q4,28.07692307692308,2,private_credit
BPOP,"Popular, Inc.",2024,1,2024_Q1,0.0,1,private_credit
BPOP,"Popular, Inc.",2024,2,2024_Q2,0.0,1,private_credit
BPOP,"Popular, Inc.",2024,3,2024_Q3,0.0,1,private_credit
BPOP,"Popular, Inc.",2024,4,2024_Q4,39.411764705882355,2,private_credit
BPOP,"Popular, Inc.",2025,1,2025_Q1,0.0,1,private_credit
BPOP,"Popular, Inc.",2025,2,2025_Q2,0.0,1,private_credit
BPOP,"Popular, Inc.",2025,3,2025_Q3,0.0,1,private_credit
BPOP,"Popular, Inc.",2025,4,2025_Q4,0.0,1,private_credit
C,Citigroup Inc,2024,1,2024_Q1,61.59090909090909,4,private_credit
C,Citigroup Inc,2024,2,2024_Q2,0.0,1,private_credit
C,Citigroup Inc,2024,3,2024_Q3,59.300000000000004,3,private_credit
C,Citigroup Inc,2024,4,2024_Q4,65.58823529411765,4,private_credit
C,Citigroup Inc,2025,1,2025_Q1,0.0,1,private_credit
C,Citigroup Inc,2025,2,2025_Q2,79.10714285714286,4,private_credit
C,Citigroup Inc,2025,3,2025_Q3,0.0,1,private_credit
C,Citigroup Inc,2025,4,2025_Q4,54.519230769230774,3,private_credit
CFG,Citizens Financial Group Inc/Ri,2024,1,2024_Q1,0.0,1,private_credit
CFG,Citizens Financial Group Inc/Ri,2024,2,2024_Q2,67.1875,4,private_credit
CFG,Citizens Financial Group Inc/Ri,2024,3,2024_Q3,0.0,1,private_credit
CFG,Citizens Financial Group Inc/Ri,2024,4,2024_Q4,66.25,4,private_credit
CFG,Citizens Financial Group Inc/Ri,2025,1,2025_Q1,0.0,1,private_credit
CFG,Citizens Financial Group Inc/Ri,2025,2,2025_Q2,92.94642857142857,5,private_credit
CFG,Citizens Financial Group Inc/Ri,2025,3,2025_Q3,88.83928571428572,5,private_credit
CFG,Citizens Financial Group Inc/Ri,2025,4,2025_Q4,65.57692307692308,4,private_credit
CFR,"Cullen/Frost Bankers, Inc.",2024,1,2024_Q1,0.0,1,private_credit
CFR,"Cullen/Frost Bankers, Inc.",2024,2,2024_Q2,0.0,1,private_credit
CFR,"Cullen/Frost Bankers, Inc.",2024,3,2024_Q3,86.9,5,private_credit
CFR,"Cullen/Frost Bankers, Inc.",2024,4,2024_Q4,62.5,4,private_credit
CFR,"Cullen/Frost Bankers, Inc.",2025,1,2025_Q1,0.0,1,private_credit
CFR,"Cullen/Frost Bankers, Inc.",2025,2,2025_Q2,0.0,1,private_credit
CFR,"Cullen/Frost Bankers, Inc.",2025,3,2025_Q3,74.91071428571429,4,private_credit
CFR,"Cullen/Frost Bankers, Inc.",2025,4,2025_Q4,34.42307692307693,2,private_credit
CMA,Comerica Inc,2024,1,2024_Q1,0.0,1,private_credit
CMA,Comerica Inc,2024,2,2024_Q2,0.0,1,private_credit
CMA,Comerica Inc,2024,3,2024_Q3,0.0,1,private_credit
CMA,Comerica Inc,2024,4,2024_Q4,0.0,1,private_credit
CMA,Comerica Inc,2025,1,2025_Q1,0.0,1,private_credit
CMA,Comerica Inc,2025,2,2025_Q2,0.0,1,private_credit
CMA,Comerica Inc,2025,3,2025_Q3,0.0,1,private_credit
CMA,Comerica Inc,2025,4,2025_Q4,0.0,1,private_credit
COF,Capital One Financial Corp,2024,1,2024_Q1,0.0,1,private_credit
COF,Capital One Financial Corp,2024,2,2024_Q2,0.0,1,private_credit
COF,Capital One Financial Corp,2024,3,2024_Q3,0.0,1,private_credit
COF,Capital One Financial Corp,2024,4,2024_Q4,0.0,1,private_credit
COF,Capital One Financial Corp,2025,1,2025_Q1,0.0,1,private_credit
COF,Capital One Financial Corp,2025,2,2025_Q2,0.0,1,private_credit
COF,Capital One Financial Corp,2025,3,2025_Q3,49.375,3,private_credit
COF,Capital One Financial Corp,2025,4,2025_Q4,0.0,1,private_credit
COLB,"Columbia Banking System, Inc.",2024,1,2024_Q1,0.0,1,private_credit
COLB,"Columbia Banking System, Inc.",2024,2,2024_Q2,0.0,1,private_credit
COLB,"Columbia Banking System, Inc.",2024,3,2024_Q3,30.700000000000003,2,private_credit
COLB,"Columbia Banking System, Inc.",2024,4,2024_Q4,27.279411764705884,2,private_credit
COLB,"Columbia Banking System, Inc.",2025,1,2025_Q1,0.0,1,private_credit
COLB,"Columbia Banking System, Inc.",2025,2,2025_Q2,0.0,1,private_credit
COLB,"Columbia Banking System, Inc.",2025,3,2025_Q3,0.0,1,private_credit
COLB,"Columbia Banking System, Inc.",2025,4,2025_Q4,0.0,1,private_credit
DFS,Discover Financial Services,2024,1,2024_Q1,0.0,1,private_credit
DFS,Discover Financial Services,2024,2,2024_Q2,0.0,1,private_credit
DFS,Discover Financial Services,2024,3,2024_Q3,0.0,1,private_credit
DFS,Discover Financial Services,2024,4,2024_Q4,0.0,1,private_credit
DFS,Discover Financial Services,2025,1,2025_Q1,0.0,1,private_credit
DFS,Discover Financial Services,2025,2,2025_Q2,0.0,1,private_credit
DFS,Discover Financial Services,2025,3,2025_Q3,0.0,1,private_credit
DFS,Discover Financial Services,2025,4,2025_Q4,0.0,1,private_credit
EWBC,East West Bancorp Inc,2024,1,2024_Q1,62.84090909090909,4,private_credit
EWBC,East West Bancorp Inc,2024,2,2024_Q2,58.64583333333333,3,private_credit
EWBC,East West Bancorp Inc,2024,3,2024_Q3,42.800000000000004,3,private_credit
EWBC,East West Bancorp Inc,2024,4,2024_Q4,36.98529411764706,2,private_credit
EWBC,East West Bancorp Inc,2025,1,2025_Q1,54.625,3,private_credit
EWBC,East West Bancorp Inc,2025,2,2025_Q2,45.089285714285715,3,private_credit
EWBC,East West Bancorp Inc,2025,3,2025_Q3,59.91071428571429,3,private_credit
EWBC,East West Bancorp Inc,2025,4,2025_Q4,0.0,1,private_credit
FCNCA,First Citizens Bancshares Inc,2024,1,2024_Q1,85.3409090909091,5,private_credit
FCNCA,First Citizens Bancshares Inc,2024,2,2024_Q2,62.604166666666664,4,private_credit
FCNCA,First Citizens Bancshares Inc,2024,3,2024_Q3,60.90000000000001,4,private_credit
FCNCA,First Citizens Bancshares Inc,2024,4,2024_Q4,72.72058823529412,4,private_credit
FCNCA,First Citizens Bancshares Inc,2025,1,2025_Q1,83.75,5,private_credit
FCNCA,First Citizens Bancshares Inc,2025,2,2025_Q2,93.21428571428572,5,private_credit
FCNCA,First Citizens Bancshares Inc,2025,3,2025_Q3,95.89285714285715,5,private_credit
FCNCA,First Citizens Bancshares Inc,2025,4,2025_Q4,28.07692307692308,2,private_credit
FHN,First Horizon Corp,2024,1,2024_Q1,25.340909090909093,2,private_credit
FHN,First Horizon Corp,2024,2,2024_Q2,20.833333333333332,2,private_credit
FHN,First Horizon Corp,2024,3,2024_Q3,38.400000000000006,2,private_credit
FHN,First Horizon Corp,2024,4,2024_Q4,61.39705882352942,4,private_credit
FHN,First Horizon Corp,2025,1,2025_Q1,64.625,4,private_credit
FHN,First Horizon Corp,2025,2,2025_Q2,46.25,3,private_credit
FHN,First Horizon Corp,2025,3,2025_Q3,15.982142857142858,1,private_credit
FHN,First Horizon Corp,2025,4,2025_Q4,0.0,1,private_credit
FITB,Fifth Third Bancorp,2024,1,2024_Q1,70.3409090909091,4,private_credit
FITB,Fifth Third Bancorp,2024,2,2024_Q2,64.89583333333333,4,private_credit
FITB,Fifth Third Bancorp,2024,3,2024_Q3,73.1,4,private_credit
FITB,Fifth Third Bancorp,2024,4,2024_Q4,52.5,3,private_credit
FITB,Fifth Third Bancorp,2025,1,2025_Q1,47.75,3,private_credit
FITB,Fifth Third Bancorp,2025,2,2025_Q2,36.25,2,private_credit
FITB,Fifth Third Bancorp,2025,3,2025_Q3,26.785714285714285,2,private_credit
FITB,Fifth Third Bancorp,2025,4,2025_Q4,0.0,1,private_credit
FLG,"Flagstar Financial, Inc.",2024,1,2024_Q1,25.340909090909093,2,private_credit
FLG,"Flagstar Financial, Inc.",2024,2,2024_Q2,40.3125,3,private_credit
FLG,"Flagstar Financial, Inc.",2024,3,2024_Q3,0.0,1,private_credit
FLG,"Flagstar Financial, Inc.",2024,4,2024_Q4,89.19117647058825,5,private_credit
FLG,"Flagstar Financial, Inc.",2025,1,2025_Q1,0.0,1,private_credit
FLG,"Flagstar Financial, Inc.",2025,2,2025_Q2,0.0,1,private_credit
FLG,"Flagstar Financial, Inc.",2025,3,2025_Q3,33.660714285714285,2,private_credit
FLG,"Flagstar Financial, Inc.",2025,4,2025_Q4,0.0,1,private_credit
FNB,Fnb Corp,2024,1,2024_Q1,0.0,1,private_credit
FNB,Fnb Corp,2024,2,2024_Q2,0.0,1,private_credit
FNB,Fnb Corp,2024,3,2024_Q3,0.0,1,private_credit
FNB,Fnb Corp,2024,4,2024_Q4,0.0,1,private_credit
FNB,Fnb Corp,2025,1,2025_Q1,0.0,1,private_credit
FNB,Fnb Corp,2025,2,2025_Q2,0.0,1,private_credit
FNB,Fnb Corp,2025,3,2025_Q3,59.19642857142858,3,private_credit
FNB,Fnb Corp,2025,4,2025_Q4,0.0,1,private_credit
GS,Goldman Sachs Group Inc,2024,1,2024_Q1,54.0909090909091,3,private_credit
GS,Goldman Sachs Group Inc,2024,2,2024_Q2,46.041666666666664,3,private_credit
GS,Goldman Sachs Group Inc,2024,3,2024_Q3,46.1,3,private_credit
GS,Goldman Sachs Group Inc,2024,4,2024_Q4,87.57352941176471,5,private_credit
GS,Goldman Sachs Group Inc,2025,1,2025_Q1,61.5,4,private_credit
GS,Goldman Sachs Group Inc,2025,2,2025_Q2,42.142857142857146,3,private_credit
GS,Goldman Sachs Group Inc,2025,3,2025_Q3,59.375,3,private_credit
GS,Goldman Sachs Group Inc,2025,4,2025_Q4,21.730769230769234,2,private_credit
HBAN,Huntington Bancshares Inc,2024,1,2024_Q1,30.340909090909093,2,private_credit
HBAN,Huntington Bancshares Inc,2024,2,2024_Q2,86.35416666666667,5,private_credit
HBAN,Huntington Bancshares Inc,2024,3,2024_Q3,52.1,3,private_credit
HBAN,Huntington Bancshares Inc,2024,4,2024_Q4,58.16176470588236,3,private_credit
HBAN,Huntington Bancshares Inc,2025,1,2025_Q1,0.0,1,private_credit
HBAN,Huntington Bancshares Inc,2025,2,2025_Q2,0.0,1,private_credit
HBAN,Huntington Bancshares Inc,2025,3,2025_Q3,19.910714285714285,1,private_credit
HBAN,Huntington Bancshares Inc,2025,4,2025_Q4,57.11538461538462,3,private_credit
JPM,Jpmorgan Chase & Co,2024,1,2024_Q1,72.8409090909091,4,private_credit
JPM,Jpmorgan Chase & Co,2024,2,2024_Q2,82.29166666666667,5,private_credit
JPM,Jpmorgan Chase & Co,2024,3,2024_Q3,80.69999999999999,5,private_credit
JPM,Jpmorgan Chase & Co,2024,4,2024_Q4,0.0,1,private_credit
JPM,Jpmorgan Chase & Co,2025,1,2025_Q1,27.125,2,private_credit
JPM,Jpmorgan Chase & Co,2025,2,2025_Q2,71.07142857142857,4,private_credit
JPM,Jpmorgan Chase & Co,2025,3,2025_Q3,0.0,1,private_credit
JPM,Jpmorgan Chase & Co,2025,4,2025_Q4,75.57692307692308,4,private_credit
KEY,Keycorp,2024,1,2024_Q1,37.84090909090909,2,private_credit
KEY,Keycorp,2024,2,2024_Q2,28.854166666666664,2,private_credit
KEY,Keycorp,2024,3,2024_Q3,30.700000000000003,2,private_credit
KEY,Keycorp,2024,4,2024_Q4,66.25,4,private_credit
KEY,Keycorp,2025,1,2025_Q1,39.5,2,private_credit
KEY,Keycorp,2025,2,2025_Q2,26.428571428571427,2,private_credit
KEY,Keycorp,2025,3,2025_Q3,22.85714285714286,2,private_credit
KEY,Keycorp,2025,4,2025_Q4,76.15384615384615,4,private_credit
MS,Morgan Stanley,2024,1,2024_Q1,54.0909090909091,3,private_credit
MS,Morgan Stanley,2024,2,2024_Q2,48.854166666666664,3,private_credit
MS,Morgan Stanley,2024,3,2024_Q3,30.700000000000003,2,private_credit
MS,Morgan Stanley,2024,4,2024_Q4,58.16176470588236,3,private_credit
MS,Morgan Stanley,2025,1,2025_Q1,39.5,2,private_credit
MS,Morgan Stanley,2025,2,2025_Q2,81.16071428571428,5,private_credit
MS,Morgan Stanley,2025,3,2025_Q3,43.035714285714285,3,private_credit
MS,Morgan Stanley,2025,4,2025_Q4,90.38461538461539,5,private_credit
MTB,M&T Bank Corp,2024,1,2024_Q1,0.0,1,private_credit
MTB,M&T Bank Corp,2024,2,2024_Q2,0.0,1,private_credit
MTB,M&T Bank Corp,2024,3,2024_Q3,0.0,1,private_credit
MTB,M&T Bank Corp,2024,4,2024_Q4,47.50000000000001,3,private_credit
MTB,M&T Bank Corp,2025,1,2025_Q1,0.0,1,private_credit
MTB,M&T Bank Corp,2025,2,2025_Q2,0.0,1,private_credit
MTB,M&T Bank Corp,2025,3,2025_Q3,0.0,1,private_credit
MTB,M&T Bank Corp,2025,4,2025_Q4,42.884615384615394,3,private_credit
NTRS,Northern Trust Corp,2024,1,2024_Q1,0.0,1,private_credit
NTRS,Northern Trust Corp,2024,2,2024_Q2,28.854166666666664,2,private_credit
NTRS,Northern Trust Corp,2024,3,2024_Q3,0.0,1,private_credit
NTRS,Northern Trust Corp,2024,4,2024_Q4,0.0,1,private_credit
NTRS,Northern Trust Corp,2025,1,2025_Q1,0.0,1,private_credit
NTRS,Northern Trust Corp,2025,2,2025_Q2,26.428571428571427,2,private_credit
NTRS,Northern Trust Corp,2025,3,2025_Q3,0.0,1,private_credit
NTRS,Northern Trust Corp,2025,4,2025_Q4,0.0,1,private_credit
ONB,Old National Bancorp,2024,1,2024_Q1,37.84090909090909,2,private_credit
ONB,Old National Bancorp,2024,2,2024_Q2,0.0,1,private_credit
ONB,Old National Bancorp,2024,3,2024_Q3,30.700000000000003,2,private_credit
ONB,Old National Bancorp,2024,4,2024_Q4,0.0,1,private_credit
ONB,Old National Bancorp,2025,1,2025_Q1,0.0,1,private_credit
ONB,Old National Bancorp,2025,2,2025_Q2,0.0,1,private_credit
ONB,Old National Bancorp,2025,3,2025_Q3,0.0,1,private_credit
ONB,Old National Bancorp,2025,4,2025_Q4,0.0,1,private_credit
PB,Prosperity Bancshares Inc,2024,1,2024_Q1,61.59090909090909,4,private_credit
PB,Prosperity Bancshares Inc,2024,2,2024_Q2,0.0,1,private_credit
PB,Prosperity Bancshares Inc,2024,3,2024_Q3,0.0,1,private_credit
PB,Prosperity Bancshares Inc,2024,4,2024_Q4,0.0,1,private_credit
PB,Prosperity Bancshares Inc,2025,1,2025_Q1,0.0,1,private_credit
PB,Prosperity Bancshares Inc,2025,2,2025_Q2,0.0,1,private_credit
PB,Prosperity Bancshares Inc,2025,3,2025_Q3,0.0,1,private_credit
PB,Prosperity Bancshares Inc,2025,4,2025_Q4,0.0,1,private_credit
PNC,"Pnc Financial Services Group, Inc.",2024,1,2024_Q1,25.340909090909093,2,private_credit
PNC,"Pnc Financial Services Group, Inc.",2024,2,2024_Q2,44.583333333333336,3,private_credit
PNC,"Pnc Financial Services Group, Inc.",2024,3,2024_Q3,21.900000000000002,2,private_credit
PNC,"Pnc Financial Services Group, Inc.",2024,4,2024_Q4,19.19117647058824,1,private_credit
PNC,"Pnc Financial Services Group, Inc.",2025,1,2025_Q1,27.125,2,private_credit
PNC,"Pnc Financial Services Group, Inc.",2025,2,2025_Q2,57.32142857142858,3,private_credit
PNC,"Pnc Financial Services Group, Inc.",2025,3,2025_Q3,80.17857142857144,5,private_credit
PNC,"Pnc Financial Services Group, Inc.",2025,4,2025_Q4,87.69230769230771,5,private_credit
PNFP,Pinnacle Financial Partners Inc,2024,1,2024_Q1,0.0,1,private_credit
PNFP,Pinnacle Financial Partners Inc,2024,2,2024_Q2,0.0,1,private_credit
PNFP,Pinnacle Financial Partners Inc,2024,3,2024_Q3,0.0,1,private_credit
PNFP,Pinnacle Financial Partners Inc,2024,4,2024_Q4,27.279411764705884,2,private_credit
PNFP,Pinnacle Financial Partners Inc,2025,1,2025_Q1,0.0,1,private_credit
PNFP,Pinnacle Financial Partners Inc,2025,2,2025_Q2,0.0,1,private_credit
PNFP,Pinnacle Financial Partners Inc,2025,3,2025_Q3,0.0,1,private_credit
PNFP,Pinnacle Financial Partners Inc,2025,4,2025_Q4,21.730769230769234,2,private_credit
RF,Regions Financial Corp,2024,1,2024_Q1,0.0,1,private_credit
RF,Regions Financial Corp,2024,2,2024_Q2,23.125,2,private_credit
RF,Regions Financial Corp,2024,3,2024_Q3,65.30000000000001,4,private_credit
RF,Regions Financial Corp,2024,4,2024_Q4,27.279411764705884,2,private_credit
RF,Regions Financial Corp,2025,1,2025_Q1,0.0,1,private_credit
RF,Regions Financial Corp,2025,2,2025_Q2,18.571428571428573,1,private_credit
RF,Regions Financial Corp,2025,3,2025_Q3,0.0,1,private_credit
RF,Regions Financial Corp,2025,4,2025_Q4,0.0,1,private_credit
RJF,Raymond James Financial Inc,2024,1,2024_Q1,0.0,1,private_credit
RJF,Raymond James Financial Inc,2024,2,2024_Q2,0.0,1,private_credit
RJF,Raymond James Financial Inc,2024,3,2024_Q3,67.5,4,private_credit
RJF,Raymond James Financial Inc,2024,4,2024_Q4,61.1764705882353,4,private_credit
RJF,Raymond James Financial Inc,2025,1,2025_Q1,0.0,1,private_credit
RJF,Raymond James Financial Inc,2025,2,2025_Q2,69.28571428571428,4,private_credit
RJF,Raymond James Financial Inc,2025,3,2025_Q3,61.875,4,private_credit
RJF,Raymond James Financial Inc,2025,4,2025_Q4,59.23076923076923,3,private_credit
SCHW,Schwab Charles Corp,2024,1,2024_Q1,0.0,1,private_credit
SCHW,Schwab Charles Corp,2024,2,2024_Q2,0.0,1,private_credit
SCHW,Schwab Charles Corp,2024,3,2024_Q3,0.0,1,private_credit
SCHW,Schwab Charles Corp,2024,4,2024_Q4,0.0,1,private_credit
SCHW,Schwab Charles Corp,2025,1,2025_Q1,0.0,1,private_credit
SCHW,Schwab Charles Corp,2025,2,2025_Q2,0.0,1,private_credit
SCHW,Schwab Charles Corp,2025,3,2025_Q3,0.0,1,private_credit
SCHW,Schwab Charles Corp,2025,4,2025_Q4,0.0,1,private_credit
SF,Stifel Financial Corp,2024,1,2024_Q1,37.84090909090909,2,private_credit
SF,Stifel Financial Corp,2024,2,2024_Q2,28.854166666666664,2,private_credit
SF,Stifel Financial Corp,2024,3,2024_Q3,0.0,1,private_credit
SF,Stifel Financial Corp,2024,4,2024_Q4,77.3529411764706,4,private_credit
SF,Stifel Financial Corp,2025,1,2025_Q1,0.0,1,private_credit
SF,Stifel Financial Corp,2025,2,2025_Q2,0.0,1,private_credit
SF,Stifel Financial Corp,2025,3,2025_Q3,0.0,1,private_credit
SF,Stifel Financial Corp,2025,4,2025_Q4,34.42307692307693,2,private_credit
SNV,Synovus Financial Corp,2024,1,2024_Q1,45.34090909090909,3,private_credit
SNV,Synovus Financial Corp,2024,2,2024_Q2,40.3125,3,private_credit
SNV,Synovus Financial Corp,2024,3,2024_Q3,21.900000000000002,2,private_credit
SNV,Synovus Financial Corp,2024,4,2024_Q4,32.94117647058824,2,private_credit
SNV,Synovus Financial Corp,2025,1,2025_Q1,27.125,2,private_credit
SNV,Synovus Financial Corp,2025,2,2025_Q2,36.25,2,private_credit
SNV,Synovus Financial Corp,2025,3,2025_Q3,26.785714285714285,2,private_credit
SNV,Synovus Financial Corp,2025,4,2025_Q4,21.730769230769234,2,private_credit
SOFI,"SoFi Technologies, Inc.",2024,1,2024_Q1,0.0,1,private_credit
SOFI,"SoFi Technologies, Inc.",2024,2,2024_Q2,46.041666666666664,3,private_credit
SOFI,"SoFi Technologies, Inc.",2024,3,2024_Q3,59.300000000000004,3,private_credit
SOFI,"SoFi Technologies, Inc.",2024,4,2024_Q4,0.0,1,private_credit
SOFI,"SoFi Technologies, Inc.",2025,1,2025_Q1,39.5,2,private_credit
SOFI,"SoFi Technologies, Inc.",2025,2,2025_Q2,42.142857142857146,3,private_credit
SOFI,"SoFi Technologies, Inc.",2025,3,2025_Q3,0.0,1,private_credit
SOFI,"SoFi Technologies, Inc.",2025,4,2025_Q4,34.42307692307693,2,private_credit
SSB,SouthState Bank Corp,2024,1,2024_Q1,0.0,1,private_credit
SSB,SouthState Bank Corp,2024,2,2024_Q2,0.0,1,private_credit
SSB,SouthState Bank Corp,2024,3,2024_Q3,0.0,1,private_credit
SSB,SouthState Bank Corp,2024,4,2024_Q4,19.19117647058824,1,private_credit
SSB,SouthState Bank Corp,2025,1,2025_Q1,54.625,3,private_credit
SSB,SouthState Bank Corp,2025,2,2025_Q2,36.25,2,private_credit
SSB,SouthState Bank Corp,2025,3,2025_Q3,26.785714285714285,2,private_credit
SSB,SouthState Bank Corp,2025,4,2025_Q4,39.71153846153846,2,private_credit
STT,State Street Corp,2024,1,2024_Q1,75.3409090909091,4,private_credit
STT,State Street Corp,2024,2,2024_Q2,73.54166666666667,4,private_credit
STT,State Street Corp,2024,3,2024_Q3,73.6,4,private_credit
STT,State Street Corp,2024,4,2024_Q4,80.80882352941177,5,private_credit
STT,State Street Corp,2025,1,2025_Q1,85.25,5,private_credit
STT,State Street Corp,2025,2,2025_Q2,62.767857142857146,4,private_credit
STT,State Street Corp,2025,3,2025_Q3,62.142857142857146,4,private_credit
STT,State Street Corp,2025,4,2025_Q4,88.26923076923077,5,private_credit
SYF,Synchrony Financial,2024,1,2024_Q1,0.0,1,private_credit
SYF,Synchrony Financial,2024,2,2024_Q2,0.0,1,private_credit
SYF,Synchrony Financial,2024,3,2024_Q3,0.0,1,private_credit
SYF,Synchrony Financial,2024,4,2024_Q4,0.0,1,private_credit
SYF,Synchrony Financial,2025,1,2025_Q1,0.0,1,private_credit
SYF,Synchrony Financial,2025,2,2025_Q2,0.0,1,private_credit
SYF,Synchrony Financial,2025,3,2025_Q3,0.0,1,private_credit
SYF,Synchrony Financial,2025,4,2025_Q4,0.0,1,private_credit
TFC,Truist Financial Corp,2024,1,2024_Q1,0.0,1,private_credit
TFC,Truist Financial Corp,2024,2,2024_Q2,0.0,1,private_credit
TFC,Truist Financial Corp,2024,3,2024_Q3,0.0,1,private_credit
TFC,Truist Financial Corp,2024,4,2024_Q4,19.19117647058824,1,private_credit
TFC,Truist Financial Corp,2025,1,2025_Q1,0.0,1,private_credit
TFC,Truist Financial Corp,2025,2,2025_Q2,0.0,1,private_credit
TFC,Truist Financial Corp,2025,3,2025_Q3,0.0,1,private_credit
TFC,Truist Financial Corp,2025,4,2025_Q4,0.0,1,private_credit
UMBF,Umb Financial Corp,2024,1,2024_Q1,67.8409090909091,4,private_credit
UMBF,Umb Financial Corp,2024,2,2024_Q2,62.08333333333333,4,private_credit
UMBF,Umb Financial Corp,2024,3,2024_Q3,64.80000000000001,4,private_credit
UMBF,Umb Financial Corp,2024,4,2024_Q4,52.352941176470594,3,private_credit
UMBF,Umb Financial Corp,2025,1,2025_Q1,67.0,4,private_credit
UMBF,Umb Financial Corp,2025,2,2025_Q2,51.964285714285715,3,private_credit
UMBF,Umb Financial Corp,2025,3,2025_Q3,77.58928571428572,4,private_credit
UMBF,Umb Financial Corp,2025,4,2025_Q4,0.0,1,private_credit
USB,Us Bancorp \De\,2024,1,2024_Q1,0.0,1,private_credit
USB,Us Bancorp \De\,2024,2,2024_Q2,0.0,1,private_credit
USB,Us Bancorp \De\,2024,3,2024_Q3,0.0,1,private_credit
USB,Us Bancorp \De\,2024,4,2024_Q4,0.0,1,private_credit
USB,Us Bancorp \De\,2025,1,2025_Q1,82.875,5,private_credit
USB,Us Bancorp \De\,2025,2,2025_Q2,0.0,1,private_credit
USB,Us Bancorp \De\,2025,3,2025_Q3,0.0,1,private_credit
USB,Us Bancorp \De\,2025,4,2025_Q4,75.57692307692308,4,private_credit
VLY,Valley National Bancorp,2024,1,2024_Q1,0.0,1,private_credit
VLY,Valley National Bancorp,2024,2,2024_Q2,68.95833333333333,4,private_credit
VLY,Valley National Bancorp,2024,3,2024_Q3,30.700000000000003,2,private_credit
VLY,Valley National Bancorp,2024,4,2024_Q4,0.0,1,private_credit
VLY,Valley National Bancorp,2025,1,2025_Q1,0.0,1,private_credit
VLY,Valley National Bancorp,2025,2,2025_Q2,74.73214285714286,4,private_credit
VLY,Valley National Bancorp,2025,3,2025_Q3,40.71428571428572,3,private_credit
VLY,Valley National Bancorp,2025,4,2025_Q4,0.0,1,private_credit
WAL,Western Alliance Bancorporation,2024,1,2024_Q1,37.84090909090909,2,private_credit
WAL,Western Alliance Bancorporation,2024,2,2024_Q2,0.0,1,private_credit
WAL,Western Alliance Bancorporation,2024,3,2024_Q3,0.0,1,private_credit
WAL,Western Alliance Bancorporation,2024,4,2024_Q4,27.279411764705884,2,private_credit
WAL,Western Alliance Bancorporation,2025,1,2025_Q1,39.5,2,private_credit
WAL,Western Alliance Bancorporation,2025,2,2025_Q2,26.428571428571427,2,private_credit
WAL,Western Alliance Bancorporation,2025,3,2025_Q3,0.0,1,private_credit
WAL,Western Alliance Bancorporation,2025,4,2025_Q4,42.884615384615394,3,private_credit
WBS,Webster Financial Corp,2024,1,2024_Q1,62.84090909090909,4,private_credit
WBS,Webster Financial Corp,2024,2,2024_Q2,58.64583333333333,3,private_credit
WBS,Webster Financial Corp,2024,3,2024_Q3,82.5,5,private_credit
WBS,Webster Financial Corp,2024,4,2024_Q4,82.20588235294117,5,private_credit
WBS,Webster Financial Corp,2025,1,2025_Q1,77.375,4,private_credit
WBS,Webster Financial Corp,2025,2,2025_Q2,94.91071428571429,5,private_credit
WBS,Webster Financial Corp,2025,3,2025_Q3,70.98214285714286,4,private_credit
WBS,Webster Financial Corp,2025,4,2025_Q4,34.42307692307693,2,private_credit
WFC,Wells Fargo & Company/Mn,2024,1,2024_Q1,80.3409090909091,5,private_credit
WFC,Wells Fargo & Company/Mn,2024,2,2024_Q2,93.22916666666667,5,private_credit
WFC,Wells Fargo & Company/Mn,2024,3,2024_Q3,72.6,4,private_credit
WFC,Wells Fargo & Company/Mn,2024,4,2024_Q4,85.73529411764706,5,private_credit
WFC,Wells Fargo & Company/Mn,2025,1,2025_Q1,64.625,4,private_credit
WFC,Wells Fargo & Company/Mn,2025,2,2025_Q2,79.19642857142857,4,private_credit
WFC,Wells Fargo & Company/Mn,2025,3,2025_Q3,55.98214285714286,3,private_credit
WFC,Wells Fargo & Company/Mn,2025,4,2025_Q4,74.03846153846153,4,private_credit
WTFC,Wintrust Financial Corp,2024,1,2024_Q1,0.0,1,private_credit
WTFC,Wintrust Financial Corp,2024,2,2024_Q2,0.0,1,private_credit
WTFC,Wintrust Financial Corp,2024,3,2024_Q3,0.0,1,private_credit
WTFC,Wintrust Financial Corp,2024,4,2024_Q4,45.220588235294116,3,private_credit
WTFC,Wintrust Financial Corp,2025,1,2025_Q1,0.0,1,private_credit
WTFC,Wintrust Financial Corp,2025,2,2025_Q2,0.0,1,private_credit
WTFC,Wintrust Financial Corp,2025,3,2025_Q3,47.94642857142858,3,private_credit
WTFC,Wintrust Financial Corp,2025,4,2025_Q4,61.34615384615385,4,private_credit
ZION,"Zions Bancorporation, National Association",2024,1,2024_Q1,0.0,1,private_credit
ZION,"Zions Bancorporation, National Association",2024,2,2024_Q2,0.0,1,private_credit
ZION,"Zions Bancorporation, National Association",2024,3,2024_Q3,0.0,1,private_credit
ZION,"Zions Bancorporation, National Association",2024,4,2024_Q4,27.279411764705884,2,private_credit
ZION,"Zions Bancorporation, National Association",2025,1,2025_Q1,0.0,1,private_credit
ZION,"Zions Bancorporation, National Association",2025,2,2025_Q2,26.428571428571427,2,private_credit
ZION,"Zions Bancorporation, National Association",2025,3,2025_Q3,93.92857142857144,5,private_credit
ZION,"Zions Bancorporation, National Association",2025,4,2025_Q4,0.0,1,private_credit
ALLY,Ally Financial Inc.,2024,1,2024_Q1,40.611111111111114,3,risk_resilience
ALLY,Ally Financial Inc.,2024,2,2024_Q2,47.22222222222223,3,risk_resilience
ALLY,Ally Financial Inc.,2024,3,2024_Q3,44.0,3,risk_resilience
ALLY,Ally Financial Inc.,2024,4,2024_Q4,39.61386054421768,2,risk_resilience
ALLY,Ally Financial Inc.,2025,1,2025_Q1,30.097959183673474,2,risk_resilience
ALLY,Ally Financial Inc.,2025,2,2025_Q2,33.333333333333336,2,risk_resilience
ALLY,Ally Financial Inc.,2025,3,2025_Q3,38.159013605442176,2,risk_resilience
ALLY,Ally Financial Inc.,2025,4,2025_Q4,41.54336734693877,3,risk_resilience
ASB,Associated Banc-Corp,2024,1,2024_Q1,47.77777777777778,3,risk_resilience
ASB,Associated Banc-Corp,2024,2,2024_Q2,53.33333333333333,3,risk_resilience
ASB,Associated Banc-Corp,2024,3,2024_Q3,51.0,3,risk_resilience
ASB,Associated Banc-Corp,2024,4,2024_Q4,44.811819727891155,3,risk_resilience
ASB,Associated Banc-Corp,2025,1,2025_Q1,55.23265306122449,3,risk_resilience
ASB,Associated Banc-Corp,2025,2,2025_Q2,56.94940476190476,3,risk_resilience
ASB,Associated Banc-Corp,2025,3,2025_Q3,57.259778911564624,3,risk_resilience
ASB,Associated Banc-Corp,2025,4,2025_Q4,58.182397959183675,3,risk_resilience
AXP,American Express Co,2024,1,2024_Q1,69.8888888888889,4,risk_resilience
AXP,American Express Co,2024,2,2024_Q2,69.55555555555556,4,risk_resilience
AXP,American Express Co,2024,3,2024_Q3,70.55555555555556,4,risk_resilience
AXP,American Express Co,2024,4,2024_Q4,65.51462585034014,4,risk_resilience
AXP,American Express Co,2025,1,2025_Q1,64.74353741496599,4,risk_resilience
AXP,American Express Co,2025,2,2025_Q2,64.62585034013605,4,risk_resilience
AXP,American Express Co,2025,3,2025_Q3,64.76828231292518,4,risk_resilience
AXP,American Express Co,2025,4,2025_Q4,64.96811224489795,4,risk_resilience
BAC,Bank Of America Corp,2024,1,2024_Q1,47.05555555555556,3,risk_resilience
BAC,Bank Of America Corp,2024,2,2024_Q2,44.66666666666667,3,risk_resilience
BAC,Bank Of America Corp,2024,3,2024_Q3,43.777777777777786,3,risk_resilience
BAC,Bank Of America Corp,2024,4,2024_Q4,39.98520408163265,2,risk_resilience
BAC,Bank Of America Corp,2025,1,2025_Q1,42.0452380952381,3,risk_resilience
BAC,Bank Of America Corp,2025,2,2025_Q2,44.19642857142857,3,risk_resilience
BAC,Bank Of America Corp,2025,3,2025_Q3,45.042517006802726,3,risk_resilience
BAC,Bank Of America Corp,2025,4,2025_Q4,44.538690476190474,3,risk_resilience
BK,Bank of New York Mellon Corp,2024,1,2024_Q1,41.83333333333333,3,risk_resilience
BK,Bank of New York Mellon Corp,2024,2,2024_Q2,48.722222222222214,3,risk_resilience
BK,Bank of New York Mellon Corp,2024,3,2024_Q3,50.94444444444444,3,risk_resilience
BK,Bank of New York Mellon Corp,2024,4,2024_Q4,53.7077380952381,3,risk_resilience
BK,Bank of New York Mellon Corp,2025,1,2025_Q1,60.88163265306122,4,risk_resilience
BK,Bank of New York Mellon Corp,2025,2,2025_Q2,57.44366496598639,3,risk_resilience
BK,Bank of New York Mellon Corp,2025,3,2025_Q3,61.57738095238095,4,risk_resilience
BK,Bank of New York Mellon Corp,2025,4,2025_Q4,63.718112244897966,4,risk_resilience
BKU,"BankUnited, Inc.",2024,1,2024_Q1,30.444444444444443,2,risk_resilience
BKU,"BankUnited, Inc.",2024,2,2024_Q2,31.44444444444445,2,risk_resilience
BKU,"BankUnited, Inc.",2024,3,2024_Q3,31.333333333333336,2,risk_resilience
BKU,"BankUnited, Inc.",2024,4,2024_Q4,33.79345238095238,2,risk_resilience
BKU,"BankUnited, Inc.",2025,1,2025_Q1,33.62040816326531,2,risk_resilience
BKU,"BankUnited, Inc.",2025,2,2025_Q2,35.406037414965986,2,risk_resilience
BKU,"BankUnited, Inc.",2025,3,2025_Q3,30.505952380952383,2,risk_resilience
BKU,"BankUnited, Inc.",2025,4,2025_Q4,29.075255102040817,2,risk_resilience
BOKF,Bok Financial Corp,2024,1,2024_Q1,43.27777777777777,3,risk_resilience
BOKF,Bok Financial Corp,2024,2,2024_Q2,54.44444444444444,3,risk_resilience
BOKF,Bok Financial Corp,2024,3,2024_Q3,57.27777777777777,3,risk_resilience
BOKF,Bok Financial Corp,2024,4,2024_Q4,61.407738095238095,4,risk_resilience
BOKF,Bok Financial Corp,2025,1,2025_Q1,46.1593537414966,3,risk_resilience
BOKF,Bok Financial Corp,2025,2,2025_Q2,49.67049319727891,3,risk_resilience
BOKF,Bok Financial Corp,2025,3,2025_Q3,46.70918367346939,3,risk_resilience
BOKF,Bok Financial Corp,2025,4,2025_Q4,47.34906462585034,3,risk_resilience
BPOP,"Popular, Inc.",2024,1,2024_Q1,34.88888888888889,2,risk_resilience
BPOP,"Popular, Inc.",2024,2,2024_Q2,36.55555555555555,2,risk_resilience
BPOP,"Popular, Inc.",2024,3,2024_Q3,34.666666666666664,2,risk_resilience
BPOP,"Popular, Inc.",2024,4,2024_Q4,40.20773809523809,3,risk_resilience
BPOP,"Popular, Inc.",2025,1,2025_Q1,50.07142857142857,3,risk_resilience
BPOP,"Popular, Inc.",2025,2,2025_Q2,50.43154761904762,3,risk_resilience
BPOP,"Popular, Inc.",2025,3,2025_Q3,41.39243197278912,3,risk_resilience
BPOP,"Popular, Inc.",2025,4,2025_Q4,40.27423469387755,3,risk_resilience
C,Citigroup Inc,2024,1,2024_Q1,38.0,2,risk_resilience
C,Citigroup Inc,2024,2,2024_Q2,40.0,2,risk_resilience
C,Citigroup Inc,2024,3,2024_Q3,39.888888888888886,2,risk_resilience
C,Citigroup Inc,2024,4,2024_Q4,35.70085034013605,2,risk_resilience
C,Citigroup Inc,2025,1,2025_Q1,38.6530612244898,2,risk_resilience
C,Citigroup Inc,2025,2,2025_Q2,32.32568027210884,2,risk_resilience
C,Citigroup Inc,2025,3,2025_Q3,31.42219387755102,2,risk_resilience
C,Citigroup Inc,2025,4,2025_Q4,29.787414965986393,2,risk_resilience
CFG,Citizens Financial Group Inc/Ri,2024,1,2024_Q1,29.444444444444443,2,risk_resilience
CFG,Citizens Financial Group Inc/Ri,2024,2,2024_Q2,28.88888888888889,2,risk_resilience
CFG,Citizens Financial Group Inc/Ri,2024,3,2024_Q3,32.11111111111111,2,risk_resilience
CFG,Citizens Financial Group Inc/Ri,2024,4,2024_Q4,29.22517006802721,2,risk_resilience
CFG,Citizens Financial Group Inc/Ri,2025,1,2025_Q1,30.46904761904762,2,risk_resilience
CFG,Citizens Financial Group Inc/Ri,2025,2,2025_Q2,31.003401360544217,2,risk_resilience
CFG,Citizens Financial Group Inc/Ri,2025,3,2025_Q3,32.368197278911566,2,risk_resilience
CFG,Citizens Financial Group Inc/Ri,2025,4,2025_Q4,32.16624149659864,2,risk_resilience
CFR,"Cullen/Frost Bankers, Inc.",2024,1,2024_Q1,58.0,3,risk_resilience
CFR,"Cullen/Frost Bankers, Inc.",2024,2,2024_Q2,61.99999999999999,4,risk_resilience
CFR,"Cullen/Frost Bankers, Inc.",2024,3,2024_Q3,59.55555555555556,3,risk_resilience
CFR,"Cullen/Frost Bankers, Inc.",2024,4,2024_Q4,59.85059523809523,3,risk_resilience
CFR,"Cullen/Frost Bankers, Inc.",2025,1,2025_Q1,62.57755102040816,4,risk_resilience
CFR,"Cullen/Frost Bankers, Inc.",2025,2,2025_Q2,62.48511904761905,4,risk_resilience
CFR,"Cullen/Frost Bankers, Inc.",2025,3,2025_Q3,62.72321428571428,4,risk_resilience
CFR,"Cullen/Frost Bankers, Inc.",2025,4,2025_Q4,59.66836734693877,3,risk_resilience
CMA,Comerica Inc,2024,1,2024_Q1,41.666666666666664,3,risk_resilience
CMA,Comerica Inc,2024,2,2024_Q2,45.666666666666664,3,risk_resilience
CMA,Comerica Inc,2024,3,2024_Q3,46.44444444444444,3,risk_resilience
CMA,Comerica Inc,2024,4,2024_Q4,46.226105442176866,3,risk_resilience
CMA,Comerica Inc,2025,1,2025_Q1,48.64081632653061,3,risk_resilience
CMA,Comerica Inc,2025,2,2025_Q2,51.235119047619044,3,risk_resilience
CMA,Comerica Inc,2025,3,2025_Q3,49.007227891156454,3,risk_resilience
CMA,Comerica Inc,2025,4,2025_Q4,48.81377551020408,3,risk_resilience
COF,Capital One Financial Corp,2024,1,2024_Q1,52.83333333333333,3,risk_resilience
COF,Capital One Financial Corp,2024,2,2024_Q2,36.22222222222222,2,risk_resilience
COF,Capital One Financial Corp,2024,3,2024_Q3,47.833333333333336,3,risk_resilience
COF,Capital One Financial Corp,2024,4,2024_Q4,47.115901360544214,3,risk_resilience
COF,Capital One Financial Corp,2025,1,2025_Q1,53.724489795918366,3,risk_resilience
COF,Capital One Financial Corp,2025,2,2025_Q2,36.10756802721088,2,risk_resilience
COF,Capital One Financial Corp,2025,3,2025_Q3,37.030187074829925,2,risk_resilience
COF,Capital One Financial Corp,2025,4,2025_Q4,36.817602040816325,2,risk_resilience
COLB,"Columbia Banking System, Inc.",2024,1,2024_Q1,61.77777777777777,4,risk_resilience
COLB,"Columbia Banking System, Inc.",2024,2,2024_Q2,58.666666666666664,3,risk_resilience
COLB,"Columbia Banking System, Inc.",2024,3,2024_Q3,60.888888888888886,4,risk_resilience
COLB,"Columbia Banking System, Inc.",2024,4,2024_Q4,63.46896258503401,4,risk_resilience
COLB,"Columbia Banking System, Inc.",2025,1,2025_Q1,55.481632653061226,3,risk_resilience
COLB,"Columbia Banking System, Inc.",2025,2,2025_Q2,56.47108843537415,3,risk_resilience
COLB,"Columbia Banking System, Inc.",2025,3,2025_Q3,54.24319727891156,3,risk_resilience
COLB,"Columbia Banking System, Inc.",2025,4,2025_Q4,57.91454081632653,3,risk_resilience
DFS,Discover Financial Services,2024,1,2024_Q1,57.77777777777778,3,risk_resilience
DFS,Discover Financial Services,2024,2,2024_Q2,63.66666666666666,4,risk_resilience
DFS,Discover Financial Services,2024,3,2024_Q3,62.666666666666664,4,risk_resilience
DFS,Discover Financial Services,2024,4,2024_Q4,63.74651360544217,4,risk_resilience
DFS,Discover Financial Services,2025,1,2025_Q1,62.7673469387755,4,risk_resilience
DFS,Discover Financial Services,2025,2,2025_Q2,,,risk_resilience
DFS,Discover Financial Services,2025,3,2025_Q3,,,risk_resilience
DFS,Discover Financial Services,2025,4,2025_Q4,,,risk_resilience
EWBC,East West Bancorp Inc,2024,1,2024_Q1,75.33333333333333,4,risk_resilience
EWBC,East West Bancorp Inc,2024,2,2024_Q2,70.88888888888889,4,risk_resilience
EWBC,East West Bancorp Inc,2024,3,2024_Q3,72.11111111111111,4,risk_resilience
EWBC,East West Bancorp Inc,2024,4,2024_Q4,66.79472789115647,4,risk_resilience
EWBC,East West Bancorp Inc,2025,1,2025_Q1,69.53860544217687,4,risk_resilience
EWBC,East West Bancorp Inc,2025,2,2025_Q2,69.83205782312923,4,risk_resilience
EWBC,East West Bancorp Inc,2025,3,2025_Q3,70.14030612244898,4,risk_resilience
EWBC,East West Bancorp Inc,2025,4,2025_Q4,72.53401360544218,4,risk_resilience
FCNCA,First Citizens Bancshares Inc,2024,1,2024_Q1,58.666666666666664,3,risk_resilience
FCNCA,First Citizens Bancshares Inc,2024,2,2024_Q2,57.22222222222222,3,risk_resilience
FCNCA,First Citizens Bancshares Inc,2024,3,2024_Q3,54.11111111111111,3,risk_resilience
FCNCA,First Citizens Bancshares Inc,2024,4,2024_Q4,50.481802721088435,3,risk_resilience
FCNCA,First Citizens Bancshares Inc,2025,1,2025_Q1,30.296768707482993,2,risk_resilience
FCNCA,First Citizens Bancshares Inc,2025,2,2025_Q2,30.369897959183675,2,risk_resilience
FCNCA,First Citizens Bancshares Inc,2025,3,2025_Q3,29.683248299319732,2,risk_resilience
FCNCA,First Citizens Bancshares Inc,2025,4,2025_Q4,30.880102040816325,2,risk_resilience
FHN,First Horizon Corp,2024,1,2024_Q1,60.111111111111114,4,risk_resilience
FHN,First Horizon Corp,2024,2,2024_Q2,58.22222222222223,3,risk_resilience
FHN,First Horizon Corp,2024,3,2024_Q3,59.22222222222223,3,risk_resilience
FHN,First Horizon Corp,2024,4,2024_Q4,50.85153061224489,3,risk_resilience
FHN,First Horizon Corp,2025,1,2025_Q1,57.16989795918367,3,risk_resilience
FHN,First Horizon Corp,2025,2,2025_Q2,59.051870748299315,3,risk_resilience
FHN,First Horizon Corp,2025,3,2025_Q3,56.579506802721085,3,risk_resilience
FHN,First Horizon Corp,2025,4,2025_Q4,57.92517006802721,3,risk_resilience
FITB,Fifth Third Bancorp,2024,1,2024_Q1,54.99999999999999,3,risk_resilience
FITB,Fifth Third Bancorp,2024,2,2024_Q2,58.66666666666667,3,risk_resilience
FITB,Fifth Third Bancorp,2024,3,2024_Q3,56.222222222222214,3,risk_resilience
FITB,Fifth Third Bancorp,2024,4,2024_Q4,56.26488095238095,3,risk_resilience
FITB,Fifth Third Bancorp,2025,1,2025_Q1,48.86122448979592,3,risk_resilience
FITB,Fifth Third Bancorp,2025,2,2025_Q2,54.717261904761905,3,risk_resilience
FITB,Fifth Third Bancorp,2025,3,2025_Q3,57.814625850340136,3,risk_resilience
FITB,Fifth Third Bancorp,2025,4,2025_Q4,51.877125850340136,3,risk_resilience
FLG,"Flagstar Financial, Inc.",2024,1,2024_Q1,15.444444444444445,1,risk_resilience
FLG,"Flagstar Financial, Inc.",2024,2,2024_Q2,6.333333333333333,1,risk_resilience
FLG,"Flagstar Financial, Inc.",2024,3,2024_Q3,6.111111111111111,1,risk_resilience
FLG,"Flagstar Financial, Inc.",2024,4,2024_Q4,10.026700680272109,1,risk_resilience
FLG,"Flagstar Financial, Inc.",2025,1,2025_Q1,10.353911564625852,1,risk_resilience
FLG,"Flagstar Financial, Inc.",2025,2,2025_Q2,14.730017006802719,1,risk_resilience
FLG,"Flagstar Financial, Inc.",2025,3,2025_Q3,14.751275510204081,1,risk_resilience
FLG,"Flagstar Financial, Inc.",2025,4,2025_Q4,16.61777210884354,1,risk_resilience
FNB,Fnb Corp,2024,1,2024_Q1,69.22222222222221,4,risk_resilience
FNB,Fnb Corp,2024,2,2024_Q2,67.11111111111111,4,risk_resilience
FNB,Fnb Corp,2024,3,2024_Q3,63.888888888888886,4,risk_resilience
FNB,Fnb Corp,2024,4,2024_Q4,55.84268707482993,3,risk_resilience
FNB,Fnb Corp,2025,1,2025_Q1,56.97210884353742,3,risk_resilience
FNB,Fnb Corp,2025,2,2025_Q2,58.562925170068034,3,risk_resilience
FNB,Fnb Corp,2025,3,2025_Q3,60.533588435374156,4,risk_resilience
FNB,Fnb Corp,2025,4,2025_Q4,65.7610544217687,4,risk_resilience
GS,Goldman Sachs Group Inc,2024,1,2024_Q1,48.1111111111111,3,risk_resilience
GS,Goldman Sachs Group Inc,2024,2,2024_Q2,46.88888888888889,3,risk_resilience
GS,Goldman Sachs Group Inc,2024,3,2024_Q3,44.0,3,risk_resilience
GS,Goldman Sachs Group Inc,2024,4,2024_Q4,43.13945578231293,3,risk_resilience
GS,Goldman Sachs Group Inc,2025,1,2025_Q1,45.781122448979595,3,risk_resilience
GS,Goldman Sachs Group Inc,2025,2,2025_Q2,43.42474489795919,3,risk_resilience
GS,Goldman Sachs Group Inc,2025,3,2025_Q3,43.133503401360535,3,risk_resilience
GS,Goldman Sachs Group Inc,2025,4,2025_Q4,41.50085034013605,3,risk_resilience
HBAN,Huntington Bancshares Inc,2024,1,2024_Q1,45.94444444444445,3,risk_resilience
HBAN,Huntington Bancshares Inc,2024,2,2024_Q2,43.66666666666667,3,risk_resilience
HBAN,Huntington Bancshares Inc,2024,3,2024_Q3,45.44444444444445,3,risk_resilience
HBAN,Huntington Bancshares Inc,2024,4,2024_Q4,45.0045918367347,3,risk_resilience
HBAN,Huntington Bancshares Inc,2025,1,2025_Q1,49.61683673469388,3,risk_resilience
HBAN,Huntington Bancshares Inc,2025,2,2025_Q2,46.675170068027214,3,risk_resilience
HBAN,Huntington Bancshares Inc,2025,3,2025_Q3,48.93707482993197,3,risk_resilience
HBAN,Huntington Bancshares Inc,2025,4,2025_Q4,45.737670068027214,3,risk_resilience
JPM,Jpmorgan Chase & Co,2024,1,2024_Q1,52.55555555555555,3,risk_resilience
JPM,Jpmorgan Chase & Co,2024,2,2024_Q2,55.44444444444445,3,risk_resilience
JPM,Jpmorgan Chase & Co,2024,3,2024_Q3,54.222222222222214,3,risk_resilience
JPM,Jpmorgan Chase & Co,2024,4,2024_Q4,54.640391156462584,3,risk_resilience
JPM,Jpmorgan Chase & Co,2025,1,2025_Q1,46.8156462585034,3,risk_resilience
JPM,Jpmorgan Chase & Co,2025,2,2025_Q2,46.875,3,risk_resilience
JPM,Jpmorgan Chase & Co,2025,3,2025_Q3,44.0858843537415,3,risk_resilience
JPM,Jpmorgan Chase & Co,2025,4,2025_Q4,45.04676870748299,3,risk_resilience
KEY,Keycorp,2024,1,2024_Q1,22.444444444444443,2,risk_resilience
KEY,Keycorp,2024,2,2024_Q2,21.333333333333332,2,risk_resilience
KEY,Keycorp,2024,3,2024_Q3,19.555555555555557,1,risk_resilience
KEY,Keycorp,2024,4,2024_Q4,21.105102040816327,2,risk_resilience
KEY,Keycorp,2025,1,2025_Q1,37.37125850340136,2,risk_resilience
KEY,Keycorp,2025,2,2025_Q2,39.63222789115646,2,risk_resilience
KEY,Keycorp,2025,3,2025_Q3,42.02168367346939,3,risk_resilience
KEY,Keycorp,2025,4,2025_Q4,47.06845238095238,3,risk_resilience
MS,Morgan Stanley,2024,1,2024_Q1,62.11111111111111,4,risk_resilience
MS,Morgan Stanley,2024,2,2024_Q2,75.05555555555557,4,risk_resilience
MS,Morgan Stanley,2024,3,2024_Q3,58.33333333333333,3,risk_resilience
MS,Morgan Stanley,2024,4,2024_Q4,71.7077380952381,4,risk_resilience
MS,Morgan Stanley,2025,1,2025_Q1,72.48163265306121,4,risk_resilience
MS,Morgan Stanley,2025,2,2025_Q2,59.50680272108844,3,risk_resilience
MS,Morgan Stanley,2025,3,2025_Q3,61.966411564625844,4,risk_resilience
MS,Morgan Stanley,2025,4,2025_Q4,58.46301020408164,3,risk_resilience
MTB,M&T Bank Corp,2024,1,2024_Q1,42.388888888888886,3,risk_resilience
MTB,M&T Bank Corp,2024,2,2024_Q2,48.33333333333333,3,risk_resilience
MTB,M&T Bank Corp,2024,3,2024_Q3,51.11111111111111,3,risk_resilience
MTB,M&T Bank Corp,2024,4,2024_Q4,46.5828231292517,3,risk_resilience
MTB,M&T Bank Corp,2025,1,2025_Q1,45.82619047619048,3,risk_resilience
MTB,M&T Bank Corp,2025,2,2025_Q2,47.63605442176871,3,risk_resilience
MTB,M&T Bank Corp,2025,3,2025_Q3,50.2295918367347,3,risk_resilience
MTB,M&T Bank Corp,2025,4,2025_Q4,53.74574829931973,3,risk_resilience
NTRS,Northern Trust Corp,2024,1,2024_Q1,37.88888888888888,2,risk_resilience
NTRS,Northern Trust Corp,2024,2,2024_Q2,62.66666666666666,4,risk_resilience
NTRS,Northern Trust Corp,2024,3,2024_Q3,60.33333333333333,4,risk_resilience
NTRS,Northern Trust Corp,2024,4,2024_Q4,62.417942176870746,4,risk_resilience
NTRS,Northern Trust Corp,2025,1,2025_Q1,48.495918367346945,3,risk_resilience
NTRS,Northern Trust Corp,2025,2,2025_Q2,48.9328231292517,3,risk_resilience
NTRS,Northern Trust Corp,2025,3,2025_Q3,53.05697278911564,3,risk_resilience
NTRS,Northern Trust Corp,2025,4,2025_Q4,51.1734693877551,3,risk_resilience
ONB,Old National Bancorp,2024,1,2024_Q1,48.0,3,risk_resilience
ONB,Old National Bancorp,2024,2,2024_Q2,46.33333333333333,3,risk_resilience
ONB,Old National Bancorp,2024,3,2024_Q3,46.277777777777786,3,risk_resilience
ONB,Old National Bancorp,2024,4,2024_Q4,46.49886621315192,3,risk_resilience
ONB,Old National Bancorp,2025,1,2025_Q1,45.04081632653062,3,risk_resilience
ONB,Old National Bancorp,2025,2,2025_Q2,32.778486394557824,2,risk_resilience
ONB,Old National Bancorp,2025,3,2025_Q3,35.8843537414966,2,risk_resilience
ONB,Old National Bancorp,2025,4,2025_Q4,37.561649659863946,2,risk_resilience
PB,Prosperity Bancshares Inc,2024,1,2024_Q1,65.66666666666667,4,risk_resilience
PB,Prosperity Bancshares Inc,2024,2,2024_Q2,65.88888888888889,4,risk_resilience
PB,Prosperity Bancshares Inc,2024,3,2024_Q3,67.6111111111111,4,risk_resilience
PB,Prosperity Bancshares Inc,2024,4,2024_Q4,62.75671768707483,4,risk_resilience
PB,Prosperity Bancshares Inc,2025,1,2025_Q1,72.08163265306122,4,risk_resilience
PB,Prosperity Bancshares Inc,2025,2,2025_Q2,60.45068027210885,4,risk_resilience
PB,Prosperity Bancshares Inc,2025,3,2025_Q3,62.759353741496604,4,risk_resilience
PB,Prosperity Bancshares Inc,2025,4,2025_Q4,61.009778911564624,4,risk_resilience
PNC,"Pnc Financial Services Group, Inc.",2024,1,2024_Q1,46.77777777777778,3,risk_resilience
PNC,"Pnc Financial Services Group, Inc.",2024,2,2024_Q2,43.44444444444444,3,risk_resilience
PNC,"Pnc Financial Services Group, Inc.",2024,3,2024_Q3,44.0,3,risk_resilience
PNC,"Pnc Financial Services Group, Inc.",2024,4,2024_Q4,50.54447278911564,3,risk_resilience
PNC,"Pnc Financial Services Group, Inc.",2025,1,2025_Q1,50.43418367346939,3,risk_resilience
PNC,"Pnc Financial Services Group, Inc.",2025,2,2025_Q2,50.748299319727884,3,risk_resilience
PNC,"Pnc Financial Services Group, Inc.",2025,3,2025_Q3,50.659013605442176,3,risk_resilience
PNC,"Pnc Financial Services Group, Inc.",2025,4,2025_Q4,50.55484693877551,3,risk_resilience
PNFP,Pinnacle Financial Partners Inc,2024,1,2024_Q1,65.0,4,risk_resilience
PNFP,Pinnacle Financial Partners Inc,2024,2,2024_Q2,52.77777777777778,3,risk_resilience
PNFP,Pinnacle Financial Partners Inc,2024,3,2024_Q3,57.55555555555556,3,risk_resilience
PNFP,Pinnacle Financial Partners Inc,2024,4,2024_Q4,57.98120748299319,3,risk_resilience
PNFP,Pinnacle Financial Partners Inc,2025,1,2025_Q1,61.402040816326526,4,risk_resilience
PNFP,Pinnacle Financial Partners Inc,2025,2,2025_Q2,64.14328231292517,4,risk_resilience
PNFP,Pinnacle Financial Partners Inc,2025,3,2025_Q3,63.45238095238095,4,risk_resilience
PNFP,Pinnacle Financial Partners Inc,2025,4,2025_Q4,63.24617346938776,4,risk_resilience
RF,Regions Financial Corp,2024,1,2024_Q1,47.00000000000001,3,risk_resilience
RF,Regions Financial Corp,2024,2,2024_Q2,52.99999999999999,3,risk_resilience
RF,Regions Financial Corp,2024,3,2024_Q3,55.55555555555556,3,risk_resilience
RF,Regions Financial Corp,2024,4,2024_Q4,50.38061224489797,3,risk_resilience
RF,Regions Financial Corp,2025,1,2025_Q1,52.180612244897965,3,risk_resilience
RF,Regions Financial Corp,2025,2,2025_Q2,54.57270408163265,3,risk_resilience
RF,Regions Financial Corp,2025,3,2025_Q3,53.93494897959184,3,risk_resilience
RF,Regions Financial Corp,2025,4,2025_Q4,52.93579931972789,3,risk_resilience
RJF,Raymond James Financial Inc,2024,1,2024_Q1,54.77777777777778,3,risk_resilience
RJF,Raymond James Financial Inc,2024,2,2024_Q2,57.111111111111114,3,risk_resilience
RJF,Raymond James Financial Inc,2024,3,2024_Q3,57.222222222222214,3,risk_resilience
RJF,Raymond James Financial Inc,2024,4,2024_Q4,60.6016156462585,4,risk_resilience
RJF,Raymond James Financial Inc,2025,1,2025_Q1,58.93469387755103,3,risk_resilience
RJF,Raymond James Financial Inc,2025,2,2025_Q2,58.747874149659864,3,risk_resilience
RJF,Raymond James Financial Inc,2025,3,2025_Q3,64.93197278911565,4,risk_resilience
RJF,Raymond James Financial Inc,2025,4,2025_Q4,64.49617346938774,4,risk_resilience
SCHW,Schwab Charles Corp,2024,1,2024_Q1,34.94444444444444,2,risk_resilience
SCHW,Schwab Charles Corp,2024,2,2024_Q2,34.94444444444444,2,risk_resilience
SCHW,Schwab Charles Corp,2024,3,2024_Q3,35.94444444444444,2,risk_resilience
SCHW,Schwab Charles Corp,2024,4,2024_Q4,31.387254901960787,2,risk_resilience
SCHW,Schwab Charles Corp,2025,1,2025_Q1,38.82352941176471,2,risk_resilience
SCHW,Schwab Charles Corp,2025,2,2025_Q2,40.761304521808725,3,risk_resilience
SCHW,Schwab Charles Corp,2025,3,2025_Q3,43.22729091636654,3,risk_resilience
SCHW,Schwab Charles Corp,2025,4,2025_Q4,42.09183673469388,3,risk_resilience
SF,Stifel Financial Corp,2024,1,2024_Q1,75.94444444444444,4,risk_resilience
SF,Stifel Financial Corp,2024,2,2024_Q2,72.5,4,risk_resilience
SF,Stifel Financial Corp,2024,3,2024_Q3,63.666666666666664,4,risk_resilience
SF,Stifel Financial Corp,2024,4,2024_Q4,66.9077380952381,4,risk_resilience
SF,Stifel Financial Corp,2025,1,2025_Q1,59.06530612244898,3,risk_resilience
SF,Stifel Financial Corp,2025,2,2025_Q2,63.945578231292515,4,risk_resilience
SF,Stifel Financial Corp,2025,3,2025_Q3,63.0250850340136,4,risk_resilience
SF,Stifel Financial Corp,2025,4,2025_Q4,65.86096938775509,4,risk_resilience
SNV,Synovus Financial Corp,2024,1,2024_Q1,44.77777777777777,3,risk_resilience
SNV,Synovus Financial Corp,2024,2,2024_Q2,36.33333333333333,2,risk_resilience
SNV,Synovus Financial Corp,2024,3,2024_Q3,38.55555555555556,2,risk_resilience
SNV,Synovus Financial Corp,2024,4,2024_Q4,44.98732993197279,3,risk_resilience
SNV,Synovus Financial Corp,2025,1,2025_Q1,58.46649659863945,3,risk_resilience
SNV,Synovus Financial Corp,2025,2,2025_Q2,63.2249149659864,4,risk_resilience
SNV,Synovus Financial Corp,2025,3,2025_Q3,72.1513605442177,4,risk_resilience
SNV,Synovus Financial Corp,2025,4,2025_Q4,68.47576530612244,4,risk_resilience
SOFI,"SoFi Technologies, Inc.",2024,1,2024_Q1,88.49999999999999,5,risk_resilience
SOFI,"SoFi Technologies, Inc.",2024,2,2024_Q2,84.94444444444443,5,risk_resilience
SOFI,"SoFi Technologies, Inc.",2024,3,2024_Q3,83.44444444444446,5,risk_resilience
SOFI,"SoFi Technologies, Inc.",2024,4,2024_Q4,87.25396825396825,5,risk_resilience
SOFI,"SoFi Technologies, Inc.",2025,1,2025_Q1,91.75736961451247,5,risk_resilience
SOFI,"SoFi Technologies, Inc.",2025,2,2025_Q2,92.109552154195,5,risk_resilience
SOFI,"SoFi Technologies, Inc.",2025,3,2025_Q3,91.59580498866211,5,risk_resilience
SOFI,"SoFi Technologies, Inc.",2025,4,2025_Q4,90.2281746031746,5,risk_resilience
SSB,SouthState Bank Corp,2024,1,2024_Q1,63.44444444444444,4,risk_resilience
SSB,SouthState Bank Corp,2024,2,2024_Q2,63.99999999999999,4,risk_resilience
SSB,SouthState Bank Corp,2024,3,2024_Q3,64.22222222222221,4,risk_resilience
SSB,SouthState Bank Corp,2024,4,2024_Q4,64.86284013605442,4,risk_resilience
SSB,SouthState Bank Corp,2025,1,2025_Q1,48.00646258503401,3,risk_resilience
SSB,SouthState Bank Corp,2025,2,2025_Q2,56.43494897959184,3,risk_resilience
SSB,SouthState Bank Corp,2025,3,2025_Q3,60.11054421768707,4,risk_resilience
SSB,SouthState Bank Corp,2025,4,2025_Q4,61.96215986394559,4,risk_resilience
STT,State Street Corp,2024,1,2024_Q1,36.0,2,risk_resilience
STT,State Street Corp,2024,2,2024_Q2,37.666666666666664,2,risk_resilience
STT,State Street Corp,2024,3,2024_Q3,43.166666666666664,3,risk_resilience
STT,State Street Corp,2024,4,2024_Q4,47.20773809523809,3,risk_resilience
STT,State Street Corp,2025,1,2025_Q1,45.38163265306122,3,risk_resilience
STT,State Street Corp,2025,2,2025_Q2,45.811011904761905,3,risk_resilience
STT,State Street Corp,2025,3,2025_Q3,32.32993197278911,2,risk_resilience
STT,State Street Corp,2025,4,2025_Q4,30.573979591836732,2,risk_resilience
SYF,Synchrony Financial,2024,1,2024_Q1,56.44444444444445,3,risk_resilience
SYF,Synchrony Financial,2024,2,2024_Q2,60.55555555555556,4,risk_resilience
SYF,Synchrony Financial,2024,3,2024_Q3,63.0,4,risk_resilience
SYF,Synchrony Financial,2024,4,2024_Q4,63.69141156462585,4,risk_resilience
SYF,Synchrony Financial,2025,1,2025_Q1,64.61836734693878,4,risk_resilience
SYF,Synchrony Financial,2025,2,2025_Q2,66.39455782312925,4,risk_resilience
SYF,Synchrony Financial,2025,3,2025_Q3,67.84013605442176,4,risk_resilience
SYF,Synchrony Financial,2025,4,2025_Q4,68.04846938775509,4,risk_resilience
TFC,Truist Financial Corp,2024,1,2024_Q1,48.722222222222214,3,risk_resilience
TFC,Truist Financial Corp,2024,2,2024_Q2,45.77777777777777,3,risk_resilience
TFC,Truist Financial Corp,2024,3,2024_Q3,45.333333333333336,3,risk_resilience
TFC,Truist Financial Corp,2024,4,2024_Q4,44.19965986394558,3,risk_resilience
TFC,Truist Financial Corp,2025,1,2025_Q1,46.489115646258504,3,risk_resilience
TFC,Truist Financial Corp,2025,2,2025_Q2,51.01828231292517,3,risk_resilience
TFC,Truist Financial Corp,2025,3,2025_Q3,46.698554421768705,3,risk_resilience
TFC,Truist Financial Corp,2025,4,2025_Q4,44.09438775510204,3,risk_resilience
UMBF,Umb Financial Corp,2024,1,2024_Q1,54.888888888888886,3,risk_resilience
UMBF,Umb Financial Corp,2024,2,2024_Q2,53.66666666666667,3,risk_resilience
UMBF,Umb Financial Corp,2024,3,2024_Q3,51.44444444444445,3,risk_resilience
UMBF,Umb Financial Corp,2024,4,2024_Q4,51.6750850340136,3,risk_resilience
UMBF,Umb Financial Corp,2025,1,2025_Q1,44.083673469387755,3,risk_resilience
UMBF,Umb Financial Corp,2025,2,2025_Q2,50.74404761904762,3,risk_resilience
UMBF,Umb Financial Corp,2025,3,2025_Q3,51.46896258503401,3,risk_resilience
UMBF,Umb Financial Corp,2025,4,2025_Q4,51.06505102040816,3,risk_resilience
USB,Us Bancorp \De\,2024,1,2024_Q1,36.99999999999999,2,risk_resilience
USB,Us Bancorp \De\,2024,2,2024_Q2,34.44444444444444,2,risk_resilience
USB,Us Bancorp \De\,2024,3,2024_Q3,34.0,2,risk_resilience
USB,Us Bancorp \De\,2024,4,2024_Q4,37.68324829931973,2,risk_resilience
USB,Us Bancorp \De\,2025,1,2025_Q1,40.804081632653066,3,risk_resilience
USB,Us Bancorp \De\,2025,2,2025_Q2,38.67984693877551,2,risk_resilience
USB,Us Bancorp \De\,2025,3,2025_Q3,38.56930272108844,2,risk_resilience
USB,Us Bancorp \De\,2025,4,2025_Q4,38.78826530612245,2,risk_resilience
VLY,Valley National Bancorp,2024,1,2024_Q1,35.333333333333336,2,risk_resilience
VLY,Valley National Bancorp,2024,2,2024_Q2,33.44444444444444,2,risk_resilience
VLY,Valley National Bancorp,2024,3,2024_Q3,33.111111111111114,2,risk_resilience
VLY,Valley National Bancorp,2024,4,2024_Q4,38.02202380952381,2,risk_resilience
VLY,Valley National Bancorp,2025,1,2025_Q1,40.7734693877551,3,risk_resilience
VLY,Valley National Bancorp,2025,2,2025_Q2,40.75042517006803,3,risk_resilience
VLY,Valley National Bancorp,2025,3,2025_Q3,40.04039115646258,3,risk_resilience
VLY,Valley National Bancorp,2025,4,2025_Q4,38.673469387755105,2,risk_resilience
WAL,Western Alliance Bancorporation,2024,1,2024_Q1,46.94444444444444,3,risk_resilience
WAL,Western Alliance Bancorporation,2024,2,2024_Q2,44.72222222222222,3,risk_resilience
WAL,Western Alliance Bancorporation,2024,3,2024_Q3,43.0,3,risk_resilience
WAL,Western Alliance Bancorporation,2024,4,2024_Q4,46.14523809523809,3,risk_resilience
WAL,Western Alliance Bancorporation,2025,1,2025_Q1,42.81547619047619,3,risk_resilience
WAL,Western Alliance Bancorporation,2025,2,2025_Q2,46.896258503401356,3,risk_resilience
WAL,Western Alliance Bancorporation,2025,3,2025_Q3,43.463010204081634,3,risk_resilience
WAL,Western Alliance Bancorporation,2025,4,2025_Q4,40.75255102040817,3,risk_resilience
WBS,Webster Financial Corp,2024,1,2024_Q1,70.99999999999999,4,risk_resilience
WBS,Webster Financial Corp,2024,2,2024_Q2,61.777777777777786,4,risk_resilience
WBS,Webster Financial Corp,2024,3,2024_Q3,59.27777777777778,3,risk_resilience
WBS,Webster Financial Corp,2024,4,2024_Q4,57.407738095238095,3,risk_resilience
WBS,Webster Financial Corp,2025,1,2025_Q1,63.28163265306122,4,risk_resilience
WBS,Webster Financial Corp,2025,2,2025_Q2,64.7906037414966,4,risk_resilience
WBS,Webster Financial Corp,2025,3,2025_Q3,60.085034013605444,4,risk_resilience
WBS,Webster Financial Corp,2025,4,2025_Q4,58.798894557823125,3,risk_resilience
WFC,Wells Fargo & Company/Mn,2024,1,2024_Q1,57.55555555555555,3,risk_resilience
WFC,Wells Fargo & Company/Mn,2024,2,2024_Q2,55.1111111111111,3,risk_resilience
WFC,Wells Fargo & Company/Mn,2024,3,2024_Q3,58.888888888888886,3,risk_resilience
WFC,Wells Fargo & Company/Mn,2024,4,2024_Q4,54.14081632653061,3,risk_resilience
WFC,Wells Fargo & Company/Mn,2025,1,2025_Q1,49.666326530612245,3,risk_resilience
WFC,Wells Fargo & Company/Mn,2025,2,2025_Q2,53.28231292517007,3,risk_resilience
WFC,Wells Fargo & Company/Mn,2025,3,2025_Q3,52.98256802721089,3,risk_resilience
WFC,Wells Fargo & Company/Mn,2025,4,2025_Q4,50.51020408163266,3,risk_resilience
WTFC,Wintrust Financial Corp,2024,1,2024_Q1,86.44444444444444,5,risk_resilience
WTFC,Wintrust Financial Corp,2024,2,2024_Q2,74.33333333333333,4,risk_resilience
WTFC,Wintrust Financial Corp,2024,3,2024_Q3,82.99999999999999,5,risk_resilience
WTFC,Wintrust Financial Corp,2024,4,2024_Q4,83.72406462585035,5,risk_resilience
WTFC,Wintrust Financial Corp,2025,1,2025_Q1,82.41428571428571,5,risk_resilience
WTFC,Wintrust Financial Corp,2025,2,2025_Q2,78.79251700680273,4,risk_resilience
WTFC,Wintrust Financial Corp,2025,3,2025_Q3,80.1934523809524,5,risk_resilience
WTFC,Wintrust Financial Corp,2025,4,2025_Q4,82.44260204081633,5,risk_resilience
ZION,"Zions Bancorporation, National Association",2024,1,2024_Q1,44.33333333333333,3,risk_resilience
ZION,"Zions Bancorporation, National Association",2024,2,2024_Q2,44.33333333333333,3,risk_resilience
ZION,"Zions Bancorporation, National Association",2024,3,2024_Q3,44.11111111111111,3,risk_resilience
ZION,"Zions Bancorporation, National Association",2024,4,2024_Q4,43.287074829931974,3,risk_resilience
ZION,"Zions Bancorporation, National Association",2025,1,2025_Q1,40.734863945578226,3,risk_resilience
ZION,"Zions Bancorporation, National Association",2025,2,2025_Q2,46.11607142857143,3,risk_resilience
ZION,"Zions Bancorporation, National Association",2025,3,2025_Q3,42.59778911564626,3,risk_resilience
ZION,"Zions Bancorporation, National Association",2025,4,2025_Q4,47.51700680272109,3,risk_resilience
